ID,Grade,Most Recent Hire Date,Age Range,LTR
1,C1,04/09/1978,60-69,Facility Engineer 2
2,B2,21/08/1978,60-69,Facility Engineer 2
3,C1,21/11/2023,>70,Facility Engineer 2
4,C1,02/09/1987,60-69,Manufacturing Engineering 2
5,C2,16/08/1982,60-69,Principal Asset Engineer 2
6,C1,13/08/1984,55-59,Facility Engineer 2
7,C1,03/12/1984,60-69,Facility Engineer 2
8,C1,23/03/1987,60-69,Facility Engineer 2
9,C1,23/10/1989,55-59,Manufacturing Engineering 2
10,D1,08/01/1990,55-59,Engineering Management 2
11,C1,16/08/1982,55-59,Manufacturing Engineering 2
12,C1,11/08/1986,55-59,Facility Engineer 2
13,C1,15/08/1983,55-59,Facility Engineer 2
14,C1,14/11/1988,60-69,Facility Engineer 2
15,C2,06/08/1990,55-59,Manufacturing Engineering 2
16,B2,13/08/1984,55-59,Manufacturing Engineering 2
17,C2,07/09/1987,55-59,Principal Asset Engineer 2
18,C2,08/08/1988,50-54,Principal Asset Engineer 2
19,C2,10/08/1987,50-54,Principal Asset Engineer 2
20,B2,15/05/1989,55-59,Facility Engineer 2
21,B2,12/08/1985,55-59,Facility Engineer 2
22,B2,10/08/1987,55-59,Facility Engineer 2
23,B2,23/05/1988,60-69,Facility Engineer 2
24,C1,16/09/1985,60-69,Facility Engineer 2
25,B2,11/12/1995,60-69,Facility Engineer 2
26,B2,11/12/1995,60-69,Facility Engineer 2
27,C1,17/08/1981,60-69,Facility Engineer 2
28,C2,08/08/1988,50-54,Manufacturing Engineering 2
29,C1,07/08/1989,50-54,Manufacturing Engineering 2
30,C1,11/08/1986,55-59,Maintenance Engineer 2
31,C2,06/01/1997,50-54,Manufacturing Engineering 2
32,B2,15/08/1983,55-59,Facility Engineer 2
33,C2,01/09/1997,60-69,Principal Asset Engineer 2
34,C1,09/02/1987,60-69,Maintenance Engineer 2
35,B2,06/03/1989,60-69,Maintenance Engineer 2
36,C1,04/06/2007,40-49,Maintenance Planner 2
37,B2,04/06/2007,30-39,Manufacturing Engineering 2
38,C2,30/07/2007,50-54,Manufacturing Engineering 2
39,B2,06/08/2007,30-39,Facility Engineer 2
40,C1,06/08/2007,30-39,Facility Engineer 2
41,C1,06/08/2007,30-39,Maintenance Engineer 2
42,B2,06/08/2007,30-39,Facility Engineer 2
43,B2,06/08/2007,30-39,Manufacturing Engineering 2
44,B1,06/08/2007,30-39,Craft Engineer Specialist 2
45,B2,13/08/2007,60-69,Facility Engineer 2
46,B2,07/01/2008,60-69,Maintenance Planner 2
47,B1,07/01/2008,60-69,Facility Engineer 2
48,C2,04/02/2008,60-69,Manufacturing Engineering 2
49,C1,18/02/2008,40-49,Facility Engineer 2
50,C1,03/03/2008,40-49,Principal Asset Engineer 2
51,A2,10/03/2008,55-59,Craft Engineer Practitioner 2
52,D1,25/03/2008,40-49,Manufacturing Engineering 2
53,B2,28/03/2008,30-39,Manufacturing Engineering 2
54,C2,28/04/2008,60-69,Principal Asset Engineer 2
55,C2,27/05/2008,55-59,Principal Asset Engineer 2
56,B1,07/07/2008,55-59,Maintenance Engineer 2
57,B2,07/07/2008,50-54,Facility Engineer 2
58,C1,09/05/2016,30-39,Facility Engineer 2
59,B1,04/08/2008,30-39,Craft Engineer Specialist 2
60,B1,04/08/2008,30-39,Craft Engineer Specialist 2
61,C1,04/08/2008,30-39,Maintenance Engineer 2
62,C1,29/09/2008,55-59,Maintenance Planner 2
63,C2,27/10/2008,40-49,Manufacturing Engineering 2
64,B1,10/11/2008,60-69,Craft Engineer Specialist 2
65,B2,24/11/2008,60-69,Maintenance Planner 2
66,C2,12/01/2009,40-49,Principal Asset Engineer 2
67,B1,03/08/2009,30-39,Craft Engineer Specialist 2
68,B1,03/08/2009,30-39,Craft Engineer Specialist 2
69,C1,03/08/2009,30-39,Manufacturing Engineering 2
70,C2,07/06/2010,40-49,Principal Asset Engineer 2
71,B1,02/08/2010,30-39,Craft Engineer Specialist 2
72,A2,27/02/2017,30-39,Craft Engineer Practitioner 2
73,A2,02/08/2010,30-39,Craft Engineer Practitioner 2
74,C2,03/08/2010,30-39,Manufacturing Engineering 2
75,A2,01/08/2011,30-39,Craft Engineer Practitioner 2
76,B2,01/08/2011,30-39,Manufacturing Engineering 2
77,B2,01/08/2011,30-39,Maintenance Engineer 2
78,C2,01/08/2011,30-39,Facility Engineer 2
79,B1,01/08/2011,30-39,Craft Engineer Specialist 2
80,A2,01/08/2011,30-39,Craft Engineer Practitioner 2
81,C1,01/08/2011,30-39,Facility Engineer 2
82,B2,01/08/2011,30-39,Maintenance Engineer 2
83,B1,01/08/2011,30-39,Craft Engineer Specialist 2
84,C1,17/08/2011,30-39,Manufacturing Engineering 2
85,B2,30/01/2012,60-69,Maintenance Engineer 2
86,C1,13/02/2012,60-69,Manufacturing Engineering 2
87,B2,12/03/2012,30-39,Maintenance Engineer 2
88,C1,08/05/2012,40-49,Manufacturing Engineering 2
89,C1,08/05/2012,40-49,Manufacturing Engineering 2
90,B2,10/04/2017,30-39,Facility Engineer 2
91,B1,09/07/2012,40-49,Craft Engineer Specialist 2
92,B2,16/07/2012,40-49,Manufacturing Engineering 2
93,B1,06/08/2012,40-49,Craft Engineer Specialist 2
94,C2,30/07/2012,30-39,Manufacturing Engineering 2
95,B2,06/08/2012,30-39,Manufacturing Engineering 2
96,B2,06/08/2012,30-39,Facility Engineer 2
97,B2,06/08/2012,30-39,Maintenance Engineer 2
98,B1,06/08/2012,30-39,Manufacturing Engineering 2
99,B2,06/08/2012,30-39,Facility Engineer 2
100,B1,06/08/2012,30-39,Craft Engineer Specialist 2
101,B1,03/09/2012,55-59,Craft Engineer Specialist 2
102,C2,24/09/2012,30-39,Principal Asset Engineer 2
103,B2,03/12/2012,>70,Manufacturing Engineering 2
104,C2,10/12/2012,30-39,Manufacturing Engineering 2
105,C2,10/12/2012,40-49,Facility Engineer 2
106,C1,07/01/2013,50-54,Facility Engineer 2
107,C1,14/01/2013,50-54,Facility Engineer 2
108,B2,25/02/2013,60-69,Manufacturing Engineering 2
109,B2,04/03/2013,55-59,Facility Engineer 2
110,C1,04/03/2013,55-59,Facility Engineer 2
111,C2,22/04/2013,55-59,Principal Asset Engineer 2
112,B1,29/04/2013,40-49,Manufacturing Engineering 2
113,C1,20/05/2013,60-69,Facility Engineer 2
114,C1,23/06/2014,30-39,Configuration Management
115,B2,08/07/2013,30-39,Facility Engineer 2
116,C1,22/07/2013,50-54,Facility Engineer 2
117,B1,22/07/2013,50-54,Craft Engineer Specialist 2
118,A2,05/08/2013,30-39,Craft Engineer Practitioner 2
119,B2,05/08/2013,30-39,Manufacturing Engineering 2
120,A2,05/08/2013,20-29,Craft Engineer Practitioner 2
121,B2,05/08/2013,30-39,Maintenance Engineer 2
122,A2,05/08/2013,30-39,Craft Engineer Practitioner 2
123,B1,05/08/2013,20-29,Craft Engineer Specialist 2
124,B2,05/08/2013,30-39,Maintenance Engineer 2
125,C1,05/08/2013,30-39,Facility Engineer 2
126,B2,19/08/2013,30-39,Facility Engineer 2
127,B2,19/08/2013,30-39,Manufacturing Engineering 2
128,B1,19/08/2013,20-29,Craft Engineer Specialist 2
129,C2,19/08/2013,30-39,Manufacturing Engineering 2
130,B1,07/10/2013,30-39,Craft Engineer Specialist 2
131,C1,28/10/2013,40-49,Facility Engineer 2
132,B2,20/01/2014,60-69,Maintenance Planner 2
133,C2,27/01/2014,40-49,Maintenance Engineer 2
134,C2,10/03/2014,40-49,Principal Asset Engineer 2
135,C2,23/05/2016,50-54,Principal Asset Engineer 2
136,C1,07/04/2014,30-39,Facility Engineer 2
137,C1,08/05/2014,30-39,Configuration Management
138,A2,02/06/2014,60-69,Craft Engineer Practitioner 2
139,A2,23/06/2014,50-54,Craft Engineer Practitioner 2
140,B2,30/06/2014,30-39,Facility Engineer 2
141,B2,04/08/2014,20-29,Maintenance Engineer 2
142,A2,04/08/2014,30-39,Craft Engineer Practitioner 2
143,B2,04/08/2014,20-29,Facility Engineer 2
144,B1,04/08/2014,30-39,Craft Engineer Specialist 2
145,B1,04/08/2014,20-29,Craft Engineer Specialist 2
146,B1,04/08/2014,30-39,Craft Engineer Specialist 2
147,B2,04/08/2014,20-29,Facility Engineer 2
148,B1,04/08/2014,20-29,Craft Engineer Specialist 2
149,B1,04/08/2014,30-39,Facility Engineer 2
150,B2,04/08/2014,30-39,Maintenance Engineer 2
151,B1,04/08/2014,30-39,Craft Engineer Specialist 2
152,B1,04/08/2014,30-39,Craft Engineer Specialist 2
153,A2,04/08/2014,30-39,Craft Engineer Practitioner 2
154,B1,04/08/2014,20-29,Craft Engineer Specialist 2
155,B2,04/08/2014,20-29,Maintenance Engineer 2
156,A2,04/08/2014,20-29,Craft Engineer Practitioner 2
157,B2,18/08/2014,60-69,Manufacturing Engineering 2
158,B1,29/09/2014,55-59,Craft Engineer Specialist 2
159,B2,01/12/2014,30-39,Facility Engineer 2
160,B2,05/01/2015,30-39,Maintenance Planner 2
161,C1,02/02/2015,30-39,Manufacturing Engineering 2
162,B1,16/02/2015,50-54,Craft Engineer Specialist 2
163,B1,23/02/2015,40-49,Craft Engineer Specialist 2
164,B1,07/04/2015,40-49,Craft Engineer Specialist 2
165,C1,18/05/2015,30-39,Facility Engineer 2
166,B2,01/09/2015,20-29,Facility Engineer 2
167,A2,01/09/2015,20-29,Craft Engineer Practitioner 2
168,B2,01/09/2015,20-29,Facility Engineer 2
169,A2,01/09/2015,20-29,Craft Engineer Practitioner 2
170,A2,01/09/2015,20-29,Craft Engineer Practitioner 2
171,B1,01/09/2015,30-39,Craft Engineer Specialist 2
172,B1,01/09/2015,20-29,Craft Engineer Specialist 2
173,B2,01/09/2015,30-39,Facility Engineer 2
174,A2,18/01/2016,20-29,Craft Engineer Practitioner 2
175,B2,18/01/2016,40-49,Manufacturing Engineering 2
176,C2,01/02/2016,30-39,Manufacturing Engineering 2
177,C1,01/02/2016,30-39,Manufacturing Engineering 2
178,C1,01/02/2016,30-39,Manufacturing Engineering 2
179,B2,15/02/2016,30-39,Manufacturing Engineering 2
180,C2,15/02/2016,30-39,Manufacturing Engineering 2
181,C2,15/02/2016,30-39,Manufacturing Engineering 2
182,C2,11/04/2016,30-39,Manufacturing Engineering 2
183,C2,11/04/2016,60-69,Manufacturing Engineering 2
184,C2,06/06/2016,30-39,Manufacturing Engineering 2
185,C1,01/08/2016,30-39,Manufacturing Engineering 2
186,B1,01/08/2016,30-39,Craft Engineer Specialist 2
187,A2,05/09/2016,20-29,Craft Engineer Practitioner 2
188,B2,05/09/2016,20-29,Manufacturing Engineering 2
189,A2,05/09/2016,20-29,Craft Engineer Practitioner 2
190,A2,05/09/2016,30-39,Craft Engineer Practitioner 2
191,B1,05/09/2016,30-39,Craft Engineer Specialist 2
192,B1,05/09/2016,30-39,Craft Engineer Specialist 2
193,A2,05/09/2016,30-39,Craft Engineer Practitioner 2
194,B1,05/09/2016,20-29,Craft Engineer Specialist 2
195,B1,05/09/2016,20-29,Craft Engineer Specialist 2
196,B1,05/09/2016,20-29,Craft Engineer Specialist 2
197,A2,05/09/2016,20-29,Craft Engineer Practitioner 2
198,A2,12/09/2016,20-29,Craft Engineer Practitioner 2
199,B2,03/10/2016,30-39,Manufacturing Engineering 2
200,B2,17/10/2016,30-39,Maintenance Planner 2
201,B2,30/01/2017,30-39,Manufacturing Engineering 2
202,C2,08/08/1988,50-54,Principal Asset Engineer 2
203,B2,11/08/1986,55-59,Facility Engineer 2
204,C1,03/10/2000,60-69,Facility Engineer 2
205,B2,17/10/2000,40-49,Maintenance Planner 2
206,A2,04/06/1990,60-69,Maintenance Planner 2
207,A2,30/11/1998,60-69,Craft Engineer Practitioner 2
208,C1,27/01/1992,60-69,Facility Engineer 2
209,B2,21/08/2001,60-69,Maintenance Planner 2
210,C1,02/01/2002,60-69,Facility Engineer 2
211,B2,05/08/1991,50-54,Maintenance Engineer 2
212,C1,05/08/1991,50-54,Facility Engineer 2
213,C1,09/08/1993,50-54,Maintenance Engineer 2
214,C1,31/03/2003,55-59,Facility Engineer 2
215,C2,21/07/2003,40-49,Manufacturing Engineering 2
216,B2,12/08/1985,55-59,Maintenance Engineer 2
217,C2,26/07/2004,50-54,Manufacturing Engineering 2
218,D1,10/01/2005,40-49,Manufacturing Engineering 2
219,D1,10/01/2005,40-49,Manufacturing Engineering 2
220,C1,24/01/2005,40-49,Manufacturing Engineering 2
221,C1,29/03/2005,55-59,Facility Engineer 2
222,B2,03/08/1998,40-49,Facility Engineer 2
223,B2,06/06/2005,60-69,Manufacturing Engineering 2
224,C1,08/08/2005,40-49,Facility Engineer 2
225,B2,24/11/1986,60-69,Facility Engineer 2
226,C1,22/08/2011,55-59,Facility Engineer 2
227,C2,03/12/2012,40-49,Facility Engineer 2
228,C1,19/09/2005,40-49,Facility Engineer 2
229,D1,07/11/2005,50-54,Manufacturing Engineering 2
230,B2,28/11/2005,55-59,Facility Engineer 2
231,B2,03/01/2006,50-54,Manufacturing Engineering 2
232,C1,07/08/1989,50-54,Maintenance Engineer 2
233,C1,08/03/1993,55-59,Facility Engineer 2
234,C1,05/08/1991,50-54,Maintenance Engineer 2
235,C1,08/04/1991,55-59,Maintenance Engineer 2
236,C2,13/03/2006,40-49,Manufacturing Engineering 2
237,C2,03/07/2006,40-49,Principal Asset Engineer 2
238,B2,16/10/2006,60-69,Maintenance Engineer 2
239,C2,06/11/2006,40-49,Manufacturing Engineering 2
240,B2,10/08/1998,40-49,Facility Engineer 2
241,C2,23/11/1998,50-54,Principal Asset Engineer 2
242,B2,12/02/2007,40-49,Facility Engineer 2
243,B2,19/02/2007,55-59,Manufacturing Engineering 2
244,A2,12/11/1990,60-69,Craft Engineer Practitioner 2
245,A2,05/08/1991,50-54,Craft Engineer Practitioner 2
246,B1,08/08/1994,40-49,Craft Engineer Specialist 2
247,C1,03/08/1998,40-49,Maintenance Planner 2
248,C1,02/08/1999,40-49,Maintenance Engineer 2
249,B1,04/08/2003,30-39,Craft Engineer Specialist 2
250,C1,07/08/2006,30-39,Maintenance Engineer 2
251,B2,11/08/1980,60-69,Maintenance Engineer 2
252,C2,15/02/2016,55-59,Manufacturing Engineering 2
253,C1,09/08/1993,50-54,Facility Engineer 2
254,B1,13/11/2000,60-69,Craft Engineer Specialist 2
255,B2,09/06/2008,55-59,Facility Engineer 2
256,C1,04/08/2003,40-49,Facility Engineer 2
257,B1,18/07/2005,40-49,Craft Engineer Specialist 2
258,B2,13/04/2015,30-39,Facility Engineer 2
259,B1,28/11/2005,60-69,Craft Engineer Specialist 2
260,C1,07/08/2006,30-39,Maintenance Engineer 2
261,A2,17/08/1981,60-69,Craft Engineer Practitioner 2
262,B1,08/08/1994,40-49,Craft Engineer Specialist 2
263,C2,03/08/1998,40-49,Facility Engineer 2
264,B1,17/02/2003,55-59,Craft Engineer Specialist 2
265,B2,09/02/2004,40-49,Facility Engineer 2
266,B1,02/08/2004,40-49,Craft Engineer Specialist 2
267,B2,07/12/1998,40-49,Maintenance Engineer 2
268,B1,07/08/2006,30-39,Craft Engineer Specialist 2
269,B1,27/04/1987,60-69,Craft Engineer Specialist 2
270,B2,01/06/1987,55-59,Facility Engineer 2
271,B2,06/08/1990,50-54,Maintenance Engineer 2
272,B2,12/08/1991,50-54,Maintenance Engineer 2
273,B2,17/08/1992,40-49,Facility Engineer 2
274,B1,09/08/1993,50-54,Craft Engineer Specialist 2
275,C2,04/08/1997,40-49,Principal Asset Engineer 2
276,B2,07/08/2000,40-49,Manufacturing Engineering 2
277,C1,04/08/2003,40-49,Facility Engineer 2
278,B2,03/09/2012,40-49,Facility Engineer 2
279,B1,06/08/1990,50-54,Craft Engineer Specialist 2
280,B1,24/02/1997,40-49,Craft Engineer Specialist 2
281,C1,05/08/1991,50-54,Facility Engineer 2
282,B1,01/08/2005,30-39,Craft Engineer Specialist 2
283,C1,01/08/2005,30-39,Maintenance Engineer 2
284,B1,07/09/2009,60-69,Craft Engineer Specialist 2
285,A2,02/06/1997,60-69,Craft Engineer Practitioner 2
286,C1,04/09/1995,50-54,Facility Engineer 2
287,D1,10/11/2003,40-49,Manufacturing Engineering 2
288,B1,13/02/2006,60-69,Craft Engineer Specialist 2
289,C1,07/08/2006,30-39,Maintenance Planner 2
290,B2,04/08/1997,40-49,Manufacturing Engineering 2
291,B2,01/08/2005,40-49,Maintenance Engineer 2
292,A2,07/11/1988,60-69,Craft Engineer Practitioner 2
293,C1,02/09/1996,40-49,Facility Engineer 2
294,C1,27/02/2017,40-49,Maintenance Engineer 2
295,B2,02/08/2004,30-39,Facility Engineer 2
296,C1,01/08/2005,40-49,Facility Engineer 2
297,A2,01/08/2005,40-49,Craft Engineer Practitioner 2
298,C1,01/08/2005,30-39,Facility Engineer 2
299,A2,08/02/1988,55-59,Craft Engineer Practitioner 2
300,B1,04/03/2013,50-54,Craft Engineer Specialist 2
301,C1,13/11/2000,40-49,Maintenance Planner 2
302,C1,13/02/2006,40-49,Facility Engineer 2
303,B1,07/08/2006,30-39,Craft Engineer Specialist 2
304,B1,12/10/1992,50-54,Maintenance Engineer 2
305,B2,02/09/1996,40-49,Manufacturing Engineering 2
306,A2,02/09/1996,40-49,Craft Engineer Practitioner 2
307,B1,07/06/1999,60-69,Craft Engineer Specialist 2
308,C1,07/08/2000,40-49,Facility Engineer 2
309,C1,05/08/2002,40-49,Facility Engineer 2
310,C1,26/07/2004,50-54,Maintenance Engineer 2
311,C1,12/12/2005,50-54,Manufacturing Engineering 2
312,B1,13/08/1984,55-59,Craft Engineer Specialist 2
313,B1,12/08/1985,55-59,Craft Engineer Specialist 2
314,C1,24/04/2017,30-39,Facility Engineer 2
315,B2,24/04/2017,20-29,Maintenance Engineer 2
316,C1,08/05/2017,30-39,Manufacturing Engineering 2
317,B1,08/05/2017,40-49,Craft Engineer Specialist 2
318,A2,21/07/2017,60-69,Craft Engineer Practitioner 2
319,B2,14/08/2017,30-39,Facility Engineer 2
320,C1,29/08/2017,30-39,Manufacturing Engineering 2
321,B1,04/09/2017,20-29,Craft Engineer Specialist 2
322,A2,04/09/2017,20-29,Craft Engineer Practitioner 2
323,B1,04/09/2017,20-29,Craft Engineer Specialist 2
324,B1,04/09/2017,20-29,Craft Engineer Specialist 2
325,A2,04/09/2017,20-29,Craft Engineer Practitioner 2
326,B1,04/09/2017,20-29,Craft Engineer Specialist 2
327,A2,04/09/2017,20-29,Craft Engineer Practitioner 2
328,A2,04/09/2017,20-29,Craft Engineer Practitioner 2
329,C2,09/10/2017,30-39,Manufacturing Engineering 2
330,C1,09/10/2017,30-39,Manufacturing Engineering 2
331,C1,16/10/2017,50-54,Facility Engineer 2
332,C1,06/11/2017,50-54,Facility Engineer 2
333,B1,20/11/2017,55-59,Craft Engineer Specialist 2
334,C1,02/01/2018,30-39,Maintenance Planner 2
335,B1,04/12/2017,40-49,Maintenance Planner 2
336,C1,02/01/2018,30-39,Facility Engineer 2
337,B2,15/01/2018,55-59,Facility Engineer 2
338,C2,19/02/2018,40-49,Manufacturing Engineering 2
339,B2,12/03/2018,40-49,Maintenance Engineer 2
340,B2,26/03/2018,30-39,Maintenance Planner 2
341,C1,26/03/2018,40-49,Facility Engineer 2
342,C1,08/05/2018,30-39,Configuration Management
343,C1,23/04/2018,30-39,Manufacturing Engineering 2
344,B1,08/05/2018,30-39,Craft Engineer Specialist 2
345,C1,04/06/2018,30-39,Manufacturing Engineering 2
346,B1,18/06/2018,60-69,Craft Engineer Specialist 2
347,B2,30/07/2018,40-49,Maintenance Planner 2
348,B1,02/07/2018,60-69,Maintenance Planner 2
349,A2,16/07/2018,30-39,Craft Engineer Practitioner 2
350,C2,16/07/2018,50-54,Principal Asset Engineer 2
351,C1,30/07/2018,30-39,Maintenance Engineer 2
352,C1,28/08/2018,30-39,Facility Engineer 2
353,A2,03/09/2018,20-29,Craft Engineer Practitioner 2
354,A2,03/09/2018,20-29,Craft Engineer Practitioner 2
355,A2,03/09/2018,20-29,Craft Engineer Practitioner 2
356,A2,03/09/2018,30-39,Craft Engineer Practitioner 2
357,B1,03/09/2018,30-39,Craft Engineer Specialist 2
358,B1,03/09/2018,30-39,Facility Engineer 2
359,A2,03/09/2018,20-29,Craft Engineer Practitioner 2
360,B1,03/09/2018,30-39,Craft Engineer Specialist 2
361,A2,03/09/2018,20-29,Craft Engineer Practitioner 2
362,A2,03/09/2018,30-39,Craft Engineer Practitioner 2
363,A2,03/09/2018,20-29,Craft Engineer Practitioner 2
364,A2,04/09/2018,20-29,Craft Engineer Practitioner 2
365,A2,03/09/2018,20-29,Craft Engineer Practitioner 2
366,A2,03/09/2018,20-29,Craft Engineer Practitioner 2
367,A2,03/09/2018,20-29,Craft Engineer Practitioner 2
368,A2,03/09/2018,20-29,Craft Engineer Practitioner 2
369,A2,03/09/2018,20-29,Craft Engineer Practitioner 2
370,A2,03/09/2018,30-39,Craft Engineer Practitioner 2
371,A2,03/09/2018,20-29,Craft Engineer Practitioner 2
372,C1,19/08/2024,30-39,Facility Engineer 2
373,C1,10/09/2018,30-39,Manufacturing Engineering 2
374,C2,01/10/2018,30-39,Manufacturing Engineering 2
375,C1,24/10/2022,30-39,Maintenance Planner 2
376,B2,19/11/2018,50-54,Facility Engineer 2
377,C1,05/11/2018,55-59,Manufacturing Engineering 2
378,C1,29/10/2018,60-69,Facility Engineer 2
379,C1,19/11/2018,30-39,Manufacturing Engineering 2
380,A2,03/12/2018,50-54,Craft Engineer Practitioner 2
381,C1,02/01/2019,50-54,Facility Engineer 2
382,C1,02/01/2019,30-39,Manufacturing Engineering 2
383,B1,28/01/2019,30-39,Maintenance Planner 2
384,C1,28/01/2019,40-49,Manufacturing Engineering 2
385,C1,11/02/2019,30-39,Manufacturing Engineering 2
386,C1,11/02/2019,>70,Facility Engineer 2
387,C1,11/03/2019,40-49,Manufacturing Engineering 2
388,B1,08/04/2019,55-59,Craft Engineer Specialist 2
389,C2,01/04/2019,40-49,Facility Engineer 2
390,B1,01/04/2019,50-54,Maintenance Planner 2
391,B1,01/04/2019,30-39,Maintenance Planner 2
392,C2,23/04/2019,30-39,Manufacturing Engineering 2
393,B1,03/06/2019,60-69,Maintenance Planner 2
394,C1,03/06/2019,50-54,Maintenance Engineer 2
395,B2,01/07/2019,50-54,Manufacturing Engineering 2
396,C2,03/06/2019,30-39,Manufacturing Engineering 2
397,B1,17/06/2019,30-39,Craft Engineer Specialist 2
398,A2,05/08/2019,20-29,Craft Engineer Practitioner 2
399,A2,05/08/2019,20-29,Craft Engineer Practitioner 2
400,A2,05/08/2019,20-29,Craft Engineer Practitioner 2
401,A2,05/08/2019,20-29,Craft Engineer Practitioner 2
402,A2,05/08/2019,30-39,Craft Engineer Practitioner 2
403,B2,05/08/2019,20-29,Facility Engineer 2
404,A2,05/08/2019,20-29,Craft Engineer Practitioner 2
405,A2,05/08/2019,20-29,Craft Engineer Practitioner 2
406,A2,05/08/2019,30-39,Craft Engineer Practitioner 2
407,A2,05/08/2019,20-29,Craft Engineer Practitioner 2
408,A2,05/08/2019,20-29,Craft Engineer Practitioner 2
409,B2,05/08/2019,20-29,Facility Engineer 2
410,A2,05/08/2019,20-29,Craft Engineer Practitioner 2
411,A2,05/08/2019,20-29,Craft Engineer Practitioner 2
412,A2,05/08/2019,20-29,Craft Engineer Practitioner 2
413,A2,05/08/2019,20-29,Craft Engineer Practitioner 2
414,A2,05/08/2019,20-29,Craft Engineer Practitioner 2
415,A2,05/08/2019,30-39,Craft Engineer Practitioner 2
416,A2,05/08/2019,30-39,Craft Engineer Practitioner 2
417,A2,19/08/2019,20-29,Craft Engineer Practitioner 2
418,A2,19/08/2019,20-29,Craft Engineer Practitioner 2
419,A2,24/08/2020,20-29,Craft Engineer Practitioner 2
420,C2,02/09/2019,60-69,Principal Asset Engineer 2
421,C1,01/10/2019,30-39,Manufacturing Engineering 2
422,C1,01/10/2019,20-29,Manufacturing Engineering 2
423,B2,01/10/2019,20-29,Facility Engineer 2
424,B2,01/10/2019,30-39,Manufacturing Engineering 2
425,B1,14/10/2019,40-49,Craft Engineer Specialist 2
426,C2,04/11/2019,30-39,Principal Asset Engineer 2
427,C1,04/11/2019,30-39,Manufacturing Engineering 2
428,C2,06/01/2020,55-59,Engineering Management 2
429,A2,16/12/2019,60-69,Craft Engineer Practitioner 2
430,B1,06/01/2020,30-39,Maintenance Planner 2
431,C1,16/12/2019,>70,Facility Engineer 2
432,C2,16/12/2019,50-54,Principal Asset Engineer 2
433,C2,06/01/2020,40-49,Principal Asset Engineer 2
434,B2,23/03/2020,60-69,Facility Engineer 2
435,C1,24/02/2020,60-69,Facility Engineer 2
436,C1,24/02/2020,60-69,Facility Engineer 2
437,C1,06/04/2020,55-59,Facility Engineer 2
438,B2,04/05/2020,55-59,Manufacturing Engineering 2
439,B2,08/06/2020,40-49,Facility Engineer 2
440,C1,15/06/2020,55-59,Manufacturing Engineering 2
441,C1,15/06/2020,30-39,Manufacturing Engineering 2
442,C1,15/06/2020,55-59,Facility Engineer 2
443,B2,13/12/2021,30-39,Manufacturing Engineering 2
444,C2,17/08/2020,40-49,Principal Asset Engineer 2
445,B2,20/07/2020,50-54,Facility Engineer 2
446,B2,03/08/2020,40-49,Maintenance Engineer 2
447,B2,10/08/2020,55-59,Facility Engineer 2
448,A2,10/08/2020,60-69,Craft Engineer Practitioner 2
449,B2,01/09/2020,30-39,Maintenance Engineer 2
450,B1,14/09/2020,40-49,Craft Engineer Specialist 2
451,A2,24/08/2020,20-29,Craft Engineer Practitioner 2
452,A2,24/08/2020,20-29,Craft Engineer Practitioner 2
453,A2,24/08/2020,20-29,Craft Engineer Practitioner 2
454,A2,24/08/2020,20-29,Craft Engineer Practitioner 2
455,B2,24/08/2020,20-29,Manufacturing Engineering 2
456,A2,24/08/2020,20-29,Craft Engineer Practitioner 2
457,A2,24/08/2020,20-29,Craft Engineer Practitioner 2
458,A2,24/08/2020,20-29,Craft Engineer Practitioner 2
459,B2,24/08/2020,20-29,Manufacturing Engineering 2
460,A2,24/08/2020,20-29,Craft Engineer Practitioner 2
461,B2,24/08/2020,20-29,Manufacturing Engineering 2
462,A2,24/08/2020,20-29,Craft Engineer Practitioner 2
463,A2,24/08/2020,20-29,Craft Engineer Practitioner 2
464,A2,24/08/2020,20-29,Craft Engineer Practitioner 2
465,B2,07/09/2020,40-49,Manufacturing Engineering 2
466,B2,01/09/2020,40-49,Maintenance Engineer 2
467,C2,01/09/2020,40-49,Manufacturing Engineering 2
468,B2,01/09/2020,55-59,Maintenance Engineer 2
469,B2,07/09/2020,30-39,Manufacturing Engineering 2
470,A2,24/08/2020,20-29,Craft Engineer Practitioner 2
471,C1,21/09/2020,20-29,Principal Asset Engineer 2
472,B2,21/09/2020,20-29,Manufacturing Engineering 2
473,B2,21/09/2020,20-29,Manufacturing Engineering 2
474,B2,05/10/2020,30-39,Manufacturing Engineering 2
475,C1,21/09/2020,20-29,Manufacturing Engineering 2
476,C1,21/09/2020,30-39,Manufacturing Engineering 2
477,B2,21/09/2020,20-29,Manufacturing Engineering 2
478,B2,21/09/2020,30-39,Manufacturing Engineering 2
479,C1,21/09/2020,20-29,Manufacturing Engineering 2
480,B2,12/10/2020,50-54,Facility Engineer 2
481,C2,26/10/2020,20-29,Manufacturing Engineering 2
482,B2,19/10/2020,55-59,Manufacturing Engineering 2
483,C1,26/10/2020,40-49,Manufacturing Engineering 2
484,B1,16/11/2020,40-49,Craft Engineer Specialist 2
485,A2,09/11/2020,30-39,Craft Engineer Practitioner 2
486,B1,07/12/2020,30-39,Maintenance Planner 2
487,A2,07/12/2020,30-39,Craft Engineer Practitioner 2
488,C1,04/01/2021,40-49,Configuration Management
489,C1,25/01/2021,60-69,Manufacturing Engineering 2
490,C1,01/02/2021,30-39,Manufacturing Engineering 2
491,C1,08/02/2021,50-54,Configuration Management
492,D1,08/02/2021,40-49,Engineering Management 2
493,B2,15/02/2021,60-69,Engineering Business Specialist
494,B2,22/02/2021,60-69,Facility Engineer 2
495,C1,09/03/2026,50-54,Maintenance Engineer 2
496,C1,08/03/2021,30-39,Manufacturing Engineering 2
497,B1,12/04/2021,50-54,Craft Engineer Specialist 2
498,C1,30/08/2022,30-39,Facility Engineer 2
499,B1,01/06/2021,20-29,Craft Engineer Specialist 2
500,C1,19/04/2021,50-54,Manufacturing Engineering 2
501,C2,21/06/2021,20-29,Manufacturing Engineering 2
502,B2,21/06/2021,20-29,Maintenance Planner 2
503,C1,17/05/2021,60-69,Facility Engineer 2
504,C1,01/06/2021,60-69,Facility Engineer 2
505,B2,29/07/2024,30-39,Facility Engineer 2
506,C1,02/08/2021,50-54,Configuration Management
507,A1,06/09/2021,20-29,Craft Engineer Trainee 2
508,A2,06/09/2021,20-29,Craft Engineer Practitioner 2
509,C1,02/08/2021,40-49,Manufacturing Engineering 2
510,B2,25/10/2021,20-29,Manufacturing Engineering 2
511,A2,06/09/2021,20-29,Craft Engineer Practitioner 2
512,A2,06/09/2021,20-29,Craft Engineer Practitioner 2
513,A2,06/09/2021,20-29,Craft Engineer Practitioner 2
514,A2,06/09/2021,20-29,Craft Engineer Practitioner 2
515,B2,25/10/2021,30-39,Facility Engineer 2
516,A1,06/09/2021,20-29,Manufacturing Engineering 2
517,A2,06/09/2021,20-29,Craft Engineer Practitioner 2
518,A1,06/09/2021,30-39,Manufacturing Engineering 2
519,A2,06/09/2021,20-29,Craft Engineer Practitioner 2
520,A2,06/09/2021,20-29,Craft Engineer Practitioner 2
521,A2,06/09/2021,20-29,Craft Engineer Practitioner 2
522,A2,06/09/2021,20-29,Craft Engineer Practitioner 2
523,A2,06/09/2021,20-29,Craft Engineer Practitioner 2
524,A2,06/09/2021,20-29,Craft Engineer Practitioner 2
525,A2,06/09/2021,20-29,Craft Engineer Practitioner 2
526,B2,25/10/2021,20-29,Manufacturing Engineering 2
527,B2,25/10/2021,20-29,Manufacturing Engineering 2
528,B2,25/10/2021,20-29,Manufacturing Engineering 2
529,A2,06/09/2021,20-29,Craft Engineer Practitioner 2
530,A1,06/09/2021,20-29,Manufacturing Engineering 2
531,B2,25/10/2021,20-29,Manufacturing Engineering 2
532,C1,25/10/2021,20-29,Manufacturing Engineering 2
533,B2,21/08/2023,20-29,Manufacturing Engineering 2
534,C1,29/11/2021,55-59,Facility Engineer 2
535,B2,25/10/2021,30-39,Facility Engineer 2
536,B2,25/10/2021,20-29,Manufacturing Engineering 2
537,B1,15/11/2021,55-59,Craft Engineer Specialist 2
538,C1,13/12/2021,50-54,Configuration Management
539,C1,10/01/2022,30-39,Manufacturing Engineering 2
540,C1,04/01/2022,55-59,Engineering Business Specialist
541,C1,13/12/2021,60-69,Facility Engineer 2
542,C1,04/01/2022,40-49,Facility Engineer 2
543,C1,10/01/2022,40-49,Facility Engineer 2
544,B2,10/01/2022,30-39,Manufacturing Engineering 2
545,C2,17/01/2022,60-69,Principal Asset Engineer 2
546,C1,10/01/2022,30-39,Facility Engineer 2
547,B2,04/01/2022,40-49,Maintenance Engineer 2
548,C1,25/04/2022,30-39,Facility Engineer 2
549,C1,14/02/2022,30-39,Manufacturing Engineering 2
550,C1,07/03/2022,55-59,Maintenance Engineer 2
551,B2,21/02/2022,40-49,Facility Engineer 2
552,B2,07/02/2022,50-54,Manufacturing Engineering 2
553,C1,07/03/2022,40-49,Facility Engineer 2
554,C1,25/04/2022,30-39,Configuration Management
555,B2,11/04/2022,20-29,Maintenance Planner 2
556,B2,07/03/2022,60-69,Manufacturing Engineering 2
557,C2,06/06/2022,40-49,Manufacturing Engineering 2
558,B1,25/04/2022,55-59,Maintenance Planner 2
559,C1,19/04/2022,30-39,Facility Engineer 2
560,B2,23/05/2022,60-69,Facility Engineer 2
561,B2,09/05/2022,40-49,Manufacturing Engineering 2
562,C2,12/09/2022,55-59,Principal Asset Engineer 2
563,C1,23/05/2022,40-49,Manufacturing Engineering 2
564,C1,27/06/2022,30-39,Manufacturing Engineering 2
565,B2,06/06/2022,55-59,Manufacturing Engineering 2
566,C1,27/06/2022,20-29,Manufacturing Engineering 2
567,B2,04/07/2022,60-69,Maintenance Engineer 2
568,C2,04/07/2022,55-59,Principal Asset Engineer 2
569,C2,08/08/2022,30-39,Manufacturing Engineering 2
570,B2,25/07/2022,20-29,Manufacturing Engineering 2
571,B2,10/10/2022,30-39,Maintenance Engineer 2
572,C1,01/08/2022,60-69,Manufacturing Engineering 2
573,C1,18/07/2022,60-69,Manufacturing Engineering 2
574,B1,25/07/2022,20-29,Maintenance Planner 2
575,B2,07/11/2022,50-54,Maintenance Engineer 2
576,A2,05/09/2022,60-69,Craft Engineer Practitioner 2
577,A2,05/09/2022,20-29,Craft Engineer Practitioner 2
578,A2,05/09/2022,20-29,Craft Engineer Practitioner 2
579,A2,05/09/2022,20-29,Craft Engineer Practitioner 2
580,A1,05/09/2022,20-29,Craft Engineer Trainee 2
581,A2,05/09/2022,20-29,Craft Engineer Practitioner 2
582,A1,05/09/2022,20-29,Manufacturing Engineering 2
583,A2,05/09/2022,20-29,Craft Engineer Practitioner 2
584,A1,05/09/2022,20-29,Craft Engineer Trainee 2
585,A1,05/09/2022,20-29,Manufacturing Engineering 2
586,A2,05/09/2022,20-29,Craft Engineer Practitioner 2
587,A1,05/09/2022,20-29,Craft Engineer Trainee 2
588,A2,05/09/2022,20-29,Craft Engineer Practitioner 2
589,B2,03/10/2022,20-29,Manufacturing Engineering 2
590,B1,07/11/2022,20-29,Maintenance Planner 2
591,A2,19/09/2022,20-29,Craft Engineer Practitioner 2
592,A2,19/09/2022,<20,Craft Engineer Practitioner 2
593,A1,19/09/2022,<20,Craft Engineer Trainee 2
594,B2,17/10/2022,20-29,Manufacturing Engineering 2
595,C1,24/10/2022,30-39,Facility Engineer 2
596,B1,31/10/2022,40-49,Craft Engineer Specialist 2
597,B2,14/11/2022,30-39,Maintenance Engineer 2
598,C1,07/11/2022,55-59,Facility Engineer 2
599,B2,16/01/2023,40-49,Manufacturing Engineering 2
600,B2,28/11/2022,20-29,Manufacturing Engineering 2
601,C1,09/01/2023,55-59,Manufacturing Engineering 2
602,B2,05/12/2022,20-29,Manufacturing Engineering 2
603,A2,16/01/2023,60-69,Craft Engineer Practitioner 2
604,B2,16/01/2023,40-49,Maintenance Engineer 2
605,B2,13/03/2023,30-39,Facility Engineer 2
606,C1,30/01/2023,50-54,Facility Engineer 2
607,A2,06/02/2023,40-49,Craft Engineer Practitioner 2
608,C1,27/02/2023,55-59,Manufacturing Engineering 2
609,A2,27/02/2023,50-54,Craft Engineer Practitioner 2
610,B1,30/01/2023,20-29,Manufacturing Engineering 2
611,B2,20/02/2023,30-39,Maintenance Planner 2
612,C1,24/04/2023,50-54,Maintenance Engineer 2
613,C2,03/04/2023,30-39,Principal Asset Engineer 2
614,B2,13/03/2023,20-29,Manufacturing Engineering 2
615,C1,03/04/2023,40-49,Manufacturing Engineering 2
616,C1,13/03/2023,55-59,Manufacturing Engineering 2
617,B1,17/04/2023,60-69,Craft Engineer Specialist 2
618,B1,02/05/2023,30-39,Maintenance Planner 2
619,B1,17/04/2023,30-39,Manufacturing Engineering 2
620,C1,15/05/2023,60-69,Maintenance Engineer 2
621,B2,22/05/2023,30-39,Manufacturing Engineering 2
622,C1,15/05/2023,30-39,Manufacturing Engineering 2
623,B2,22/05/2023,55-59,Manufacturing Engineering 2
624,B2,12/06/2023,40-49,Facility Engineer 2
625,B1,10/07/2023,60-69,Craft Engineer Specialist 2
626,B2,12/06/2023,55-59,Manufacturing Engineering 2
627,B2,19/06/2023,20-29,Manufacturing Engineering 2
628,A2,10/07/2023,30-39,Craft Engineer Practitioner 2
629,A2,03/07/2023,55-59,Craft Engineer Practitioner 2
630,B1,07/08/2023,40-49,Craft Engineer Specialist 2
631,B2,17/07/2023,50-54,Manufacturing Engineering 2
632,B2,17/07/2023,30-39,Facility Engineer 2
633,B1,07/08/2023,40-49,Craft Engineer Specialist 2
634,B2,04/09/2023,40-49,Manufacturing Engineering 2
635,C1,02/10/2023,60-69,Facility Engineer 2
636,A1,04/09/2023,20-29,Craft Engineer Trainee 2
637,A2,04/09/2023,20-29,Craft Engineer Practitioner 2
638,A1,04/09/2023,20-29,Craft Engineer Trainee 2
639,B2,02/10/2023,20-29,Manufacturing Engineering 2
640,A1,04/09/2023,<20,Craft Engineer Trainee 2
641,C1,07/08/2023,50-54,Facility Engineer 2
642,A1,04/09/2023,<20,Craft Engineer Trainee 2
643,A2,07/08/2023,20-29,Craft Engineer Practitioner 2
644,B1,11/09/2023,60-69,Craft Engineer Specialist 2
645,B1,11/09/2023,30-39,Craft Engineer Specialist 2
646,A1,04/09/2023,20-29,Craft Engineer Trainee 2
647,A1,04/09/2023,<20,Craft Engineer Trainee 2
648,B2,11/09/2023,20-29,Manufacturing Engineering 2
649,B1,02/10/2023,20-29,Manufacturing Engineering 2
650,A1,04/09/2023,<20,Craft Engineer Trainee 2
651,B1,02/10/2023,30-39,Engineering Management 2
652,B2,02/10/2023,20-29,Manufacturing Engineering 2
653,A1,04/09/2023,<20,Craft Engineer Trainee 2
654,A1,04/09/2023,20-29,Facility Engineer 2
655,A1,04/09/2023,<20,Craft Engineer Trainee 2
656,C1,25/09/2023,50-54,Facility Engineer 2
657,B2,18/09/2023,30-39,Manufacturing Engineering 2
658,B2,02/10/2023,20-29,Manufacturing Engineering 2
659,B2,25/09/2023,30-39,Manufacturing Engineering 2
660,B2,02/10/2023,20-29,Manufacturing Engineering 2
661,A1,04/09/2023,20-29,Craft Engineer Trainee 2
662,A1,04/09/2023,20-29,Craft Engineer Trainee 2
663,A1,04/09/2023,<20,Craft Engineer Trainee 2
664,B2,02/10/2023,20-29,Manufacturing Engineering 2
665,A2,04/09/2023,20-29,Craft Engineer Practitioner 2
666,B2,02/10/2023,20-29,Manufacturing Engineering 2
667,A2,30/10/2023,40-49,Craft Engineer Practitioner 2
668,A1,04/09/2023,20-29,Craft Engineer Trainee 2
669,A1,04/09/2023,20-29,Craft Engineer Trainee 2
670,B1,04/09/2023,50-54,Craft Engineer Specialist 2
671,B1,02/10/2023,20-29,Manufacturing Engineering 2
672,A1,04/09/2023,20-29,Craft Engineer Trainee 2
673,A1,04/09/2023,20-29,Craft Engineer Trainee 2
674,C1,25/09/2023,20-29,Engineering Business Specialist
675,C2,16/10/2023,30-39,Manufacturing Engineering 2
676,A2,04/09/2023,20-29,Craft Engineer Practitioner 2
677,A2,04/09/2023,<20,Craft Engineer Practitioner 2
678,A1,04/09/2023,20-29,Craft Engineer Trainee 2
679,B2,02/10/2023,20-29,Manufacturing Engineering 2
680,B2,02/10/2023,20-29,Manufacturing Engineering 2
681,B2,02/10/2023,20-29,Manufacturing Engineering 2
682,B2,02/10/2023,20-29,Engineering Management 2
683,B2,02/10/2023,20-29,Manufacturing Engineering 2
684,A1,18/09/2023,20-29,Manufacturing Engineering 2
685,A1,18/09/2023,20-29,Craft Engineer Trainee 2
686,B2,16/10/2023,20-29,Manufacturing Engineering 2
687,B2,29/01/2024,20-29,Manufacturing Engineering 2
688,B2,02/10/2023,20-29,Engineering Management 2
689,C1,06/11/2023,30-39,Manufacturing Engineering 2
690,B2,08/01/2024,40-49,Facility Engineer 2
691,B2,23/10/2023,60-69,Maintenance Engineer 2
692,B2,06/11/2023,30-39,Manufacturing Engineering 2
693,C2,06/11/2023,60-69,Principal Asset Engineer 2
694,B2,27/11/2023,40-49,Facility Engineer 2
695,B2,13/11/2023,20-29,Manufacturing Engineering 2
696,B1,27/11/2023,30-39,Manufacturing Engineering 2
697,D1,11/12/2023,55-59,Engineering Management 2
698,B1,27/11/2023,50-54,Craft Engineer Specialist 2
699,C1,27/11/2023,40-49,Configuration Management
700,C1,13/11/2023,30-39,Facility Engineer 2
701,B2,27/11/2023,30-39,Manufacturing Engineering 2
702,A2,08/01/2024,20-29,Craft Engineer Practitioner 2
703,B2,11/12/2023,20-29,Manufacturing Engineering 2
704,C1,20/11/2023,55-59,Facility Engineer 2
705,B2,08/01/2024,30-39,Manufacturing Engineering 2
706,B2,04/12/2023,30-39,Manufacturing Engineering 2
707,C2,12/02/2024,40-49,Principal Asset Engineer 2
708,B2,05/02/2024,30-39,Maintenance Engineer 2
709,C1,15/01/2024,40-49,Facility Engineer 2
710,B2,22/01/2024,40-49,Facility Engineer 2
711,B2,08/01/2024,20-29,Manufacturing Engineering 2
712,C1,22/01/2024,60-69,Facility Engineer 2
713,C1,12/02/2024,55-59,Manufacturing Engineering 2
714,B2,22/01/2024,40-49,Manufacturing Engineering 2
715,B2,29/01/2024,20-29,Manufacturing Engineering 2
716,B2,29/01/2024,20-29,Manufacturing Engineering 2
717,B2,29/01/2024,20-29,Manufacturing Engineering 2
718,B2,08/01/2024,50-54,Facility Engineer 2
719,B2,29/01/2024,20-29,Manufacturing Engineering 2
720,A2,22/01/2024,60-69,Craft Engineer Practitioner 2
721,B1,15/01/2024,40-49,Craft Engineer Specialist 2
722,B1,09/12/2023,40-49,Maintenance Planner 2
723,B2,04/03/2024,20-29,Manufacturing Engineering 2
724,B2,15/01/2024,50-54,Manufacturing Engineering 2
725,C1,08/01/2024,30-39,Facility Engineer 2
726,C1,29/01/2024,60-69,Facility Engineer 2
727,B2,12/02/2024,30-39,Facility Engineer 2
728,B2,29/01/2024,20-29,Facility Engineer 2
729,B2,26/02/2024,20-29,Manufacturing Engineering 2
730,B2,26/02/2024,30-39,Manufacturing Engineering 2
731,C1,26/02/2024,50-54,Maintenance Engineer 2
732,B2,19/02/2024,60-69,Manufacturing Engineering 2
733,B1,04/03/2024,60-69,Craft Engineer Specialist 2
734,C1,11/03/2024,40-49,Manufacturing Engineering 2
735,B2,29/07/2024,50-54,Manufacturing Engineering 2
736,B2,18/03/2024,40-49,Facility Engineer 2
737,B2,29/04/2024,30-39,Maintenance Engineer 2
738,D1,04/03/2024,40-49,Manufacturing Engineering 2
739,C2,25/03/2024,50-54,Manufacturing Engineering 2
740,C2,25/03/2024,30-39,Principal Asset Engineer 2
741,B1,25/03/2024,30-39,Manufacturing Engineering 2
742,B1,25/03/2024,40-49,Craft Engineer Specialist 2
743,C1,01/07/2024,20-29,Manufacturing Engineering 2
744,A1,12/08/2024,20-29,Craft Engineer Trainee 2
745,C1,03/06/2024,50-54,Facility Engineer 2
746,A1,12/08/2024,30-39,Craft Engineer Trainee 2
747,A1,27/08/2025,20-29,Facility Engineer 2
748,C1,13/05/2024,30-39,Facility Engineer 2
749,B2,03/06/2024,55-59,Maintenance Engineer 2
750,A1,29/04/2024,30-39,Craft Engineer Trainee 2
751,A1,29/04/2024,20-29,Craft Engineer Trainee 2
752,A1,29/04/2024,30-39,Craft Engineer Trainee 2
753,A1,29/04/2024,20-29,Craft Engineer Trainee 2
754,A1,29/04/2024,20-29,Craft Engineer Trainee 2
755,A1,29/04/2024,20-29,Craft Engineer Trainee 2
756,A1,29/04/2024,20-29,Craft Engineer Trainee 2
757,A1,29/04/2024,30-39,Craft Engineer Trainee 2
758,A1,29/04/2024,20-29,Craft Engineer Trainee 2
759,A1,29/04/2024,20-29,Craft Engineer Trainee 2
760,B2,16/09/2024,20-29,Manufacturing Engineering 2
761,A1,29/04/2024,20-29,Craft Engineer Trainee 2
762,A1,29/04/2024,30-39,Craft Engineer Trainee 2
763,A1,29/04/2024,20-29,Craft Engineer Trainee 2
764,A1,29/04/2024,60-69,Craft Engineer Trainee 2
765,A1,12/08/2024,<20,Craft Engineer Trainee 2
766,B2,17/06/2024,20-29,Facility Engineer 2
767,A1,12/08/2024,20-29,Manufacturing Engineering 2
768,B1,29/04/2024,30-39,Manufacturing Engineering 2
769,B1,20/05/2024,40-49,Craft Engineer Specialist 2
770,A2,29/04/2024,20-29,Craft Engineer Practitioner 2
771,B2,29/07/2024,30-39,Facility Engineer 2
772,C1,08/07/2024,50-54,Facility Engineer 2
773,B1,01/10/2024,20-29,HR Graduate
774,A1,12/08/2024,<20,Facility Engineer 2
775,A1,12/08/2024,20-29,Craft Engineer Trainee 2
776,A1,12/08/2024,20-29,Craft Engineer Trainee 2
777,B2,10/06/2024,20-29,Maintenance Planner 2
778,C1,10/06/2024,40-49,Principal Asset Engineer 2
779,B1,01/10/2024,20-29,HR Graduate
780,A1,12/08/2024,20-29,Craft Engineer Trainee 2
781,B1,01/10/2024,20-29,HR Graduate
782,B2,05/08/2024,30-39,Maintenance Engineer 2
783,C2,28/05/2024,30-39,Principal Asset Engineer 2
784,B2,17/06/2024,20-29,Manufacturing Engineering 2
785,B2,01/07/2024,55-59,Manufacturing Engineering 2
786,A2,10/06/2024,40-49,Craft Engineer Practitioner 2
787,A1,12/08/2024,20-29,Facility Engineer 2
788,A1,12/08/2024,<20,Craft Engineer Trainee 2
789,A1,12/08/2024,20-29,Manufacturing Engineering 2
790,A1,12/08/2024,20-29,Facility Engineer 2
791,A1,12/08/2024,20-29,Facility Engineer 2
792,A1,12/08/2024,<20,Facility Engineer 2
793,C1,17/06/2024,>70,Facility Engineer 2
794,A1,12/08/2024,20-29,Facility Engineer 2
795,A1,12/08/2024,20-29,Facility Engineer 2
796,A1,12/08/2024,20-29,Craft Engineer Trainee 2
797,B1,01/10/2024,20-29,HR Graduate
798,A1,27/08/2025,20-29,Facility Engineer 2
799,A1,12/08/2024,20-29,Facility Engineer 2
800,B2,10/06/2024,60-69,Manufacturing Engineering 2
801,A1,12/08/2024,20-29,Craft Engineer Trainee 2
802,A1,12/08/2024,20-29,Craft Engineer Trainee 2
803,A1,12/08/2024,20-29,Craft Engineer Trainee 2
804,A1,12/08/2024,20-29,Facility Engineer 2
805,A1,12/08/2024,20-29,Facility Engineer 2
806,C1,03/06/2024,30-39,Facility Engineer 2
807,A1,12/08/2024,20-29,Facility Engineer 2
808,A1,12/08/2024,<20,Craft Engineer Trainee 2
809,B2,08/07/2024,55-59,Facility Engineer 2
810,A1,02/09/2024,20-29,Craft Engineer Trainee 2
811,C2,02/09/2024,40-49,Principal Asset Engineer 2
812,C2,08/07/2024,50-54,Manufacturing Engineering 2
813,A2,15/07/2024,20-29,Craft Engineer Practitioner 2
814,B2,08/07/2024,20-29,Manufacturing Engineering 2
815,A1,12/08/2024,20-29,Facility Engineer 2
816,A1,12/08/2024,<20,Craft Engineer Trainee 2
817,B1,01/10/2024,20-29,HR Graduate
818,A1,12/08/2024,20-29,Manufacturing Engineering 2
819,C1,17/06/2024,55-59,Facility Engineer 2
820,A1,12/08/2024,20-29,Facility Engineer 2
821,A1,12/08/2024,20-29,Manufacturing Engineering 2
822,A1,12/08/2024,<20,Craft Engineer Trainee 2
823,B2,22/07/2024,30-39,Facility Engineer 2
824,A1,12/08/2024,30-39,Craft Engineer Trainee 2
825,A1,12/08/2024,20-29,Manufacturing Engineering 2
826,A1,12/08/2024,<20,Craft Engineer Trainee 2
827,A1,12/08/2024,20-29,Facility Engineer 2
828,A1,02/09/2024,20-29,Craft Engineer Trainee 2
829,B2,23/09/2024,30-39,Manufacturing Engineering 2
830,A1,12/08/2024,20-29,Manufacturing Engineering 2
831,A1,02/09/2024,20-29,Craft Engineer Trainee 2
832,A1,12/08/2024,20-29,Craft Engineer Trainee 2
833,A1,12/08/2024,20-29,Facility Engineer 2
834,B1,01/07/2024,20-29,Manufacturing Engineering 2
835,A1,12/08/2024,20-29,Manufacturing Engineering 2
836,A1,12/08/2024,<20,Craft Engineer Trainee 2
837,A1,12/08/2024,<20,Facility Engineer 2
838,A1,02/09/2024,50-54,Craft Engineer Trainee 2
839,B2,22/07/2024,20-29,Facility Engineer 2
840,A1,12/08/2024,<20,Craft Engineer Trainee 2
841,C1,19/08/2024,30-39,Manufacturing Engineering 2
842,A1,02/09/2024,20-29,Craft Engineer Trainee 2
843,A1,12/08/2024,20-29,Facility Engineer 2
844,A2,15/07/2024,50-54,Craft Engineer Practitioner 2
845,A1,12/08/2024,<20,Craft Engineer Trainee 2
846,A1,12/08/2024,<20,Craft Engineer Trainee 2
847,A1,12/08/2024,20-29,Manufacturing Engineering 2
848,C1,08/07/2024,55-59,Facility Engineer 2
849,A1,12/08/2024,<20,Manufacturing Engineering 2
850,A1,12/08/2024,<20,Craft Engineer Trainee 2
851,A1,12/08/2024,<20,Facility Engineer 2
852,A1,12/08/2024,<20,Facility Engineer 2
853,A1,12/08/2024,<20,Craft Engineer Trainee 2
854,A1,12/08/2024,20-29,Craft Engineer Trainee 2
855,A1,12/08/2024,20-29,Facility Engineer 2
856,A1,12/08/2024,20-29,Manufacturing Engineering 2
857,B2,09/09/2024,30-39,Manufacturing Engineering 2
858,A1,12/08/2024,20-29,Craft Engineer Trainee 2
859,A1,12/08/2024,20-29,Facility Engineer 2
860,A1,12/08/2024,20-29,Craft Engineer Trainee 2
861,A1,12/08/2024,20-29,Facility Engineer 2
862,A1,02/09/2024,20-29,Craft Engineer Trainee 2
863,A1,12/08/2024,20-29,Facility Engineer 2
864,A1,12/08/2024,<20,Craft Engineer Trainee 2
865,A1,12/08/2024,<20,Craft Engineer Trainee 2
866,A1,12/08/2024,20-29,Facility Engineer 2
867,A1,12/08/2024,<20,Craft Engineer Trainee 2
868,A1,12/08/2024,20-29,Facility Engineer 2
869,A1,12/08/2024,<20,Facility Engineer 2
870,A1,12/08/2024,20-29,Facility Engineer 2
871,A1,12/08/2024,20-29,Facility Engineer 2
872,A1,12/08/2024,20-29,Manufacturing Engineering 2
873,A1,02/09/2024,20-29,Craft Engineer Trainee 2
874,A1,12/08/2024,<20,Facility Engineer 2
875,A2,02/09/2024,50-54,Craft Engineer Practitioner 2
876,A1,12/08/2024,20-29,Craft Engineer Trainee 2
877,B2,16/09/2024,20-29,Facility Engineer 2
878,A1,12/08/2024,<20,Craft Engineer Trainee 2
879,B1,01/10/2024,20-29,HR Graduate
880,A1,12/08/2024,20-29,Craft Engineer Trainee 2
881,C2,19/08/2024,50-54,Principal Asset Engineer 2
882,A1,02/09/2024,<20,Craft Engineer Trainee 2
883,A1,12/08/2024,<20,Craft Engineer Trainee 2
884,A1,12/08/2024,<20,Manufacturing Engineering 2
885,A1,12/08/2024,20-29,Craft Engineer Trainee 2
886,B2,19/08/2024,30-39,Maintenance Engineer 2
887,B2,29/07/2024,20-29,Facility Engineer 2
888,A1,12/08/2024,<20,Craft Engineer Trainee 2
889,A1,12/08/2024,20-29,Facility Engineer 2
890,A1,12/08/2024,20-29,Craft Engineer Trainee 2
891,A1,12/08/2024,20-29,Craft Engineer Trainee 2
892,B2,09/09/2024,30-39,Manufacturing Engineering 2
893,C1,02/09/2024,40-49,Configuration Management
894,A1,12/08/2024,20-29,Facility Engineer 2
895,A1,12/08/2024,20-29,Craft Engineer Trainee 2
896,B2,09/09/2024,55-59,Manufacturing Engineering 2
897,B1,01/10/2024,20-29,HR Graduate
898,B1,04/11/2024,30-39,Manufacturing Engineering 2
899,B2,04/11/2024,20-29,Facility Engineer 2
900,B1,01/10/2024,20-29,HR Graduate
901,A1,12/08/2024,<20,Craft Engineer Trainee 2
902,B2,23/09/2024,20-29,Facility Engineer 2
903,C1,07/10/2024,30-39,Facility Engineer 2
904,C2,14/10/2024,40-49,Manufacturing Engineering 2
905,B2,23/09/2024,20-29,Manufacturing Engineering 2
906,A1,09/09/2024,20-29,Craft Engineer Trainee 2
907,B1,02/09/2024,20-29,Manufacturing Engineering 2
908,A2,23/09/2024,30-39,Craft Engineer Practitioner 2
909,B1,02/09/2024,20-29,Manufacturing Engineering 2
910,B1,09/09/2024,20-29,Facility Engineer 2
911,B1,09/09/2024,20-29,Manufacturing Engineering 2
912,B1,09/09/2024,20-29,Facility Engineer 2
913,B1,09/09/2024,20-29,Manufacturing Engineering 2
914,B1,02/09/2024,20-29,Manufacturing Engineering 2
915,B2,23/09/2024,20-29,Manufacturing Engineering 2
916,B2,04/11/2024,30-39,Manufacturing Engineering 2
917,A2,14/10/2024,30-39,Craft Engineer Practitioner 2
918,B1,09/09/2024,20-29,Facility Engineer 2
919,B2,14/10/2024,55-59,Manufacturing Engineering 2
920,B1,09/09/2024,20-29,Facility Engineer 2
921,A2,23/09/2024,30-39,Craft Engineer Practitioner 2
922,B1,09/09/2024,30-39,Facility Engineer 2
923,B2,25/09/2024,55-59,Facility Engineer 2
924,B1,01/10/2024,20-29,HR Graduate
925,B1,09/09/2024,20-29,Facility Engineer 2
926,B2,07/10/2024,40-49,Manufacturing Engineering 2
927,B1,02/09/2024,20-29,Manufacturing Engineering 2
928,C1,04/11/2024,40-49,Manufacturing Engineering 2
929,B2,25/09/2024,30-39,Maintenance Planner 2
930,A1,02/09/2024,20-29,Craft Engineer Trainee 2
931,B1,09/09/2024,20-29,Manufacturing Engineering 2
932,B1,14/10/2024,30-39,Maintenance Planner 2
933,B2,21/10/2024,30-39,Manufacturing Engineering 2
934,B1,30/09/2024,20-29,Manufacturing Engineering 2
935,B2,21/10/2024,20-29,Manufacturing Engineering 2
936,B1,07/10/2024,40-49,Craft Engineer Specialist 2
937,A2,28/10/2024,55-59,Craft Engineer Practitioner 2
938,C1,04/11/2024,55-59,Maintenance Engineer 2
939,B2,21/10/2024,55-59,Facility Engineer 2
940,B1,01/10/2024,20-29,HR Graduate
941,B2,11/11/2024,20-29,Facility Engineer 2
942,A2,04/11/2024,50-54,Craft Engineer Practitioner 2
943,B1,30/09/2024,20-29,Manufacturing Engineering 2
944,A2,21/10/2024,30-39,Craft Engineer Practitioner 2
945,C1,11/11/2024,30-39,Facility Engineer 2
946,C1,11/11/2024,40-49,Information Specialist
947,B2,25/11/2024,30-39,Facility Engineer 2
948,B2,13/01/2025,60-69,Maintenance Engineer 2
949,B2,11/11/2024,55-59,Engineering Business Specialist
950,C1,18/11/2024,60-69,Facility Engineer 2
951,B2,13/01/2025,50-54,Engineering Business Specialist
952,B2,18/11/2024,30-39,Manufacturing Engineering 2
953,B2,02/12/2024,20-29,Facility Engineer 2
954,B2,02/12/2024,20-29,Maintenance Engineer 2
955,A2,09/12/2024,60-69,Craft Engineer Practitioner 2
956,A2,02/12/2024,50-54,Craft Engineer Practitioner 2
957,B2,11/11/2024,50-54,Facility Engineer 2
958,B2,13/01/2025,30-39,Facility Engineer 2
959,B1,25/11/2024,20-29,Manufacturing Engineering 2
960,B2,24/02/2025,30-39,Facility Engineer 2
961,B2,09/12/2024,50-54,Facility Engineer 2
962,A2,20/01/2025,40-49,Craft Engineer Practitioner 2
963,B1,20/01/2025,30-39,Facility Engineer 2
964,B2,20/01/2025,40-49,Facility Engineer 2
965,B2,09/12/2024,30-39,Maintenance Planner 2
966,C1,09/12/2024,60-69,Facility Engineer 2
967,B2,03/02/2025,20-29,Facility Engineer 2
968,B2,27/01/2025,20-29,Manufacturing Engineering 2
969,B2,03/03/2025,30-39,Facility Engineer 2
970,B1,27/01/2025,20-29,Manufacturing Engineering 2
971,B1,31/03/2025,50-54,Craft Engineer Specialist 2
972,B1,03/03/2025,20-29,Manufacturing Engineering 2
973,C1,17/03/2025,40-49,Maintenance Engineer 2
974,B1,27/01/2025,40-49,Craft Engineer Specialist 2
975,B2,10/02/2025,40-49,Facility Engineer 2
976,B2,24/03/2025,20-29,Engineering Business Specialist
977,B2,24/02/2025,40-49,Manufacturing Engineering 2
978,B2,16/06/2025,55-59,Manufacturing Engineering 2
979,B1,31/03/2025,20-29,Craft Engineer Specialist 2
980,A2,24/03/2025,30-39,Craft Engineer Practitioner 2
981,B2,28/04/2025,30-39,Facility Engineer 2
982,C1,24/03/2025,40-49,Manufacturing Engineering 2
983,B2,02/06/2025,30-39,Manufacturing Engineering 2
984,B2,24/03/2025,50-54,Manufacturing Engineering 2
985,B1,03/03/2025,50-54,Craft Engineer Specialist 2
986,B2,14/04/2025,20-29,Facility Engineer 2
987,C2,16/06/2025,30-39,Manufacturing Engineering 2
988,C1,27/05/2025,50-54,Facility Engineer 2
989,A2,28/04/2025,30-39,Craft Engineer Practitioner 2
990,B2,24/03/2025,30-39,Manufacturing Engineering 2
991,C1,28/04/2025,50-54,Facility Engineer 2
992,C1,12/05/2025,55-59,Maintenance Engineer 2
993,B2,16/06/2025,30-39,Manufacturing Engineering 2
994,B1,07/04/2025,20-29,Manufacturing Engineering 2
995,B1,28/04/2025,30-39,Craft Engineer Specialist 2
996,B1,12/05/2025,30-39,Craft Engineer Specialist 2
997,B2,09/06/2025,50-54,Facility Engineer 2
998,B1,27/05/2025,20-29,Manufacturing Engineering 2
999,B2,24/03/2025,30-39,Facility Engineer 2
1000,C2,24/03/2025,50-54,Principal Asset Engineer 2
1001,B2,14/04/2025,30-39,Facility Engineer 2
1002,C1,07/04/2025,30-39,Facility Engineer 2
1003,C1,14/04/2025,60-69,Manufacturing Engineering 2
1004,A2,12/05/2025,50-54,Craft Engineer Practitioner 2
1005,B2,12/05/2025,20-29,Facility Engineer 2
1006,B1,12/05/2025,50-54,Craft Engineer Specialist 2
1007,A2,12/05/2025,40-49,Craft Engineer Practitioner 2
1008,B1,16/06/2025,30-39,Craft Engineer Specialist 2
1009,A1,27/08/2025,40-49,Craft Engineer Trainee 2
1010,B1,16/06/2025,20-29,Craft Engineer Specialist 2
1011,A1,27/08/2025,<20,Craft Engineer Trainee 2
1012,A1,27/08/2025,30-39,Craft Engineer Trainee 2
1013,A1,01/09/2025,<20,Facility Engineer 2
1014,B1,30/09/2025,20-29,HR Graduate
1015,A1,27/08/2025,<20,Craft Engineer Trainee 2
1016,B1,28/04/2025,20-29,Manufacturing Engineering 2
1017,A1,27/08/2025,<20,Craft Engineer Trainee 2
1018,B1,30/09/2025,20-29,HR Graduate
1019,A1,27/08/2025,<20,Facility Engineer 2
1020,B1,30/09/2025,20-29,HR Graduate
1021,A1,27/08/2025,20-29,Craft Engineer Trainee 2
1022,A2,04/08/2025,20-29,Manufacturing Engineering 2
1023,C2,02/06/2025,50-54,Facility Engineer 2
1024,B1,30/09/2025,20-29,HR Graduate
1025,A1,27/08/2025,<20,Manufacturing Engineering 2
1026,B2,02/06/2025,30-39,Manufacturing Engineering 2
1027,A1,27/08/2025,20-29,Craft Engineer Trainee 2
1028,A1,27/08/2025,<20,Facility Engineer 2
1029,A1,27/08/2025,20-29,Craft Engineer Trainee 2
1030,B1,30/09/2025,20-29,HR Graduate
1031,A1,27/08/2025,<20,Craft Engineer Trainee 2
1032,A1,27/08/2025,<20,Facility Engineer 2
1033,A1,27/08/2025,<20,Manufacturing Engineering 2
1034,C1,07/07/2025,40-49,Facility Engineer 2
1035,A1,27/08/2025,20-29,Craft Engineer Trainee 2
1036,A1,27/08/2025,<20,Craft Engineer Trainee 2
1037,A1,27/08/2025,20-29,Facility Engineer 2
1038,B1,30/09/2025,20-29,HR Graduate
1039,C1,07/07/2025,30-39,Manufacturing Engineering 2
1040,A1,27/08/2025,<20,Craft Engineer Trainee 2
1041,C1,12/05/2025,55-59,Manufacturing Engineering 2
1042,B2,07/07/2025,20-29,Manufacturing Engineering 2
1043,C1,01/09/2025,60-69,Facility Engineer 2
1044,B2,02/06/2025,30-39,Facility Engineer 2
1045,B2,06/10/2025,30-39,Facility Engineer 2
1046,A1,27/08/2025,<20,Craft Engineer Trainee 2
1047,C1,02/06/2025,40-49,Facility Engineer 2
1048,A1,27/08/2025,<20,Facility Engineer 2
1049,B2,02/06/2025,60-69,Facility Engineer 2
1050,A2,30/06/2025,50-54,Craft Engineer Practitioner 2
1051,A1,27/08/2025,<20,Craft Engineer Trainee 2
1052,B1,30/09/2025,20-29,HR Graduate
1053,C1,27/10/2025,30-39,Manufacturing Engineering 2
1054,A1,27/08/2025,<20,Facility Engineer 2
1055,C1,30/06/2025,30-39,Facility Engineer 2
1056,B2,30/06/2025,20-29,Facility Engineer 2
1057,C1,01/09/2025,40-49,Facility Engineer 2
1058,C1,30/06/2025,55-59,Configuration Management
1059,B2,04/08/2025,20-29,Manufacturing Engineering 2
1060,B1,09/06/2025,30-39,Craft Engineer Specialist 2
1061,A2,04/08/2025,20-29,Manufacturing Engineering 2
1062,A1,27/08/2025,20-29,Craft Engineer Trainee 2
1063,B1,16/06/2025,30-39,Craft Engineer Specialist 2
1064,A1,27/08/2025,<20,Facility Engineer 2
1065,A1,27/08/2025,20-29,Craft Engineer Trainee 2
1066,B1,23/06/2025,20-29,Maintenance Planner 2
1067,B2,28/07/2025,20-29,Facility Engineer 2
1068,B1,15/09/2025,20-29,Engineering Early Careers
1069,C2,27/10/2025,50-54,Principal Asset Engineer 2
1070,C1,27/10/2025,40-49,Maintenance Engineer 2
1071,A2,28/07/2025,30-39,Craft Engineer Practitioner 2
1072,B1,15/09/2025,20-29,Engineering Early Careers
1073,C1,06/10/2025,60-69,Manufacturing Engineering 2
1074,A1,27/08/2025,<20,Craft Engineer Trainee 2
1075,B2,24/11/2025,50-54,Maintenance Engineer 2
1076,B2,24/11/2025,50-54,Maintenance Engineer 2
1077,B1,15/09/2025,20-29,Manufacturing Engineering 2
1078,B1,15/09/2025,20-29,Engineering Early Careers
1079,A1,27/08/2025,<20,Craft Engineer Trainee 2
1080,A1,27/08/2025,<20,Craft Engineer Trainee 2
1081,B1,15/09/2025,20-29,Engineering Early Careers
1082,B2,08/09/2025,40-49,Manufacturing Engineering 2
1083,B1,22/09/2025,40-49,Maintenance Planner 2
1084,B2,15/09/2025,30-39,Maintenance Engineer 2
1085,A2,03/11/2025,30-39,Craft Engineer Practitioner 2
1086,B2,13/10/2025,30-39,Manufacturing Engineering 2
1087,B2,13/10/2025,20-29,Manufacturing Engineering 2
1088,B2,24/11/2025,30-39,Maintenance Engineer 2
1089,B2,03/11/2025,50-54,Facility Engineer 2
1090,A2,13/10/2025,20-29,Craft Engineer Practitioner 2
1091,A2,03/11/2025,30-39,Craft Engineer Practitioner 2
1092,B1,03/11/2025,55-59,Craft Engineer Specialist 2
1093,C1,10/11/2025,50-54,Maintenance Engineer 2
1094,B1,10/11/2025,20-29,Manufacturing Engineering 2
1095,D1,13/10/2025,40-49,Manufacturing Engineering 2
1096,B2,01/12/2025,20-29,Facility Engineer 2
1097,C2,01/12/2025,30-39,Manufacturing Engineering 2
1098,B2,01/12/2025,20-29,Facility Engineer 2
1099,B2,10/11/2025,40-49,Manufacturing Engineering 2
1100,B1,23/02/2026,20-29,Facility Engineer 2
