ID,Age,Service,Grade_Score,Job_Family
EMP0001,46,23,9,Engineering
EMP0002,57,33,10,Engineering
EMP0003,57,36,10,Programme Management
EMP0004,47,22,7,Data & Analytics
EMP0005,44,12,3,Data & Analytics
EMP0006,36,8,4,Data & Analytics
EMP0007,32,2,4,Engineering
EMP0008,39,17,4,Operations Support
EMP0009,36,14,4,Engineering
EMP0010,45,19,7,Operations Support
EMP0011,35,14,6,Commercial
EMP0012,31,10,3,Engineering
EMP0013,44,12,3,Engineering
EMP0014,43,22,8,Engineering
EMP0015,40,16,4,Data & Analytics
EMP0016,34,9,6,Data & Analytics
EMP0017,45,14,6,Operations Support
EMP0018,38,12,6,Operations Support
EMP0019,52,31,10,Engineering
EMP0020,38,17,8,Operations Support
EMP0021,37,14,4,Data & Analytics
EMP0022,30,9,6,Operations Support
EMP0023,41,20,8,Commercial
EMP0024,35,14,8,Data & Analytics
EMP0025,41,20,4,Commercial
EMP0026,50,28,9,Operations Support
EMP0027,42,10,4,Programme Management
EMP0028,45,24,8,Engineering
EMP0029,33,8,5,Data & Analytics
EMP0030,45,20,8,Commercial
EMP0031,42,21,7,Programme Management
EMP0032,38,14,4,Programme Management
EMP0033,44,23,8,Data & Analytics
EMP0034,39,9,4,Data & Analytics
EMP0035,38,11,5,Programme Management
EMP0036,46,25,9,Engineering
EMP0037,44,21,5,Engineering
EMP0038,41,19,10,Commercial
EMP0039,40,19,7,Engineering
EMP0040,30,9,5,Programme Management
EMP0041,49,22,10,Programme Management
EMP0042,27,6,7,Operations Support
EMP0043,32,7,4,Programme Management
EMP0044,36,6,3,Engineering
EMP0045,31,10,3,Commercial
EMP0046,57,31,10,Operations Support
EMP0047,50,21,8,Engineering
EMP0048,55,24,9,Commercial
EMP0049,44,23,7,Engineering
EMP0050,28,7,4,Operations Support
EMP0051,44,23,7,Programme Management
EMP0052,44,23,7,Operations Support
EMP0053,60,39,10,Programme Management
EMP0054,48,21,9,Operations Support
EMP0055,53,26,10,Data & Analytics
EMP0056,46,25,10,Engineering
EMP0057,39,13,4,Engineering
EMP0058,33,10,5,Data & Analytics
EMP0059,44,23,8,Programme Management
EMP0060,56,32,10,Engineering
EMP0061,48,21,6,Data & Analytics
EMP0062,46,22,9,Engineering
EMP0063,46,23,7,Commercial
EMP0064,26,1,3,Programme Management
EMP0065,44,15,6,Commercial
EMP0066,45,18,7,Programme Management
EMP0067,42,14,6,Data & Analytics
EMP0068,47,26,10,Programme Management
EMP0069,28,1,3,Programme Management
EMP0070,47,26,10,Data & Analytics
EMP0071,47,26,10,Programme Management
EMP0072,48,24,10,Engineering
EMP0073,34,10,4,Operations Support
EMP0074,42,21,5,Data & Analytics
EMP0075,48,17,6,Operations Support
EMP0076,52,30,9,Data & Analytics
EMP0077,34,13,4,Data & Analytics
EMP0078,44,22,7,Commercial
EMP0079,63,42,10,Commercial
EMP0080,43,17,8,Programme Management
EMP0081,34,11,6,Operations Support
EMP0082,50,21,7,Data & Analytics
EMP0083,37,11,7,Programme Management
EMP0084,46,17,8,Engineering
EMP0085,63,42,10,Data & Analytics
EMP0086,37,16,5,Engineering
EMP0087,46,25,8,Programme Management
EMP0088,41,2,1,Commercial
EMP0089,39,10,7,Programme Management
EMP0090,27,2,2,Engineering
EMP0091,56,26,10,Data & Analytics
EMP0092,42,15,7,Operations Support
EMP0093,43,17,7,Programme Management
EMP0094,38,16,7,Data & Analytics
EMP0095,57,28,10,Commercial
EMP0096,22,0,2,Commercial
EMP0097,44,18,7,Commercial
EMP0098,37,12,6,Data & Analytics
EMP0099,45,19,9,Programme Management
EMP0100,45,24,10,Data & Analytics
EMP0101,33,8,5,Data & Analytics
EMP0102,48,25,9,Operations Support
EMP0103,54,29,10,Operations Support
EMP0104,39,15,8,Programme Management
EMP0105,50,29,10,Operations Support
EMP0106,42,21,7,Commercial
EMP0107,45,22,8,Operations Support
EMP0108,47,20,10,Commercial
EMP0109,31,2,4,Programme Management
EMP0110,49,28,10,Data & Analytics
EMP0111,41,14,6,Data & Analytics
EMP0112,35,14,5,Operations Support
EMP0113,33,9,5,Commercial
EMP0114,36,9,5,Engineering
EMP0115,44,19,6,Engineering
EMP0116,44,14,4,Engineering
EMP0117,34,10,5,Data & Analytics
EMP0118,56,35,10,Data & Analytics
EMP0119,41,13,5,Commercial
EMP0120,39,18,6,Operations Support
EMP0121,47,26,9,Engineering
EMP0122,46,25,8,Commercial
EMP0123,44,22,8,Commercial
EMP0124,34,12,6,Operations Support
EMP0125,56,35,10,Commercial
EMP0126,34,13,6,Operations Support
EMP0127,63,36,10,Programme Management
EMP0128,36,3,2,Operations Support
EMP0129,34,12,6,Engineering
EMP0130,60,39,10,Engineering
EMP0131,33,12,3,Operations Support
EMP0132,60,39,10,Programme Management
EMP0133,24,3,2,Programme Management
EMP0134,54,24,8,Engineering
EMP0135,42,20,7,Programme Management
EMP0136,48,20,7,Commercial
EMP0137,43,22,9,Data & Analytics
EMP0138,30,0,3,Commercial
EMP0139,45,19,10,Engineering
EMP0140,43,22,8,Programme Management
EMP0141,62,41,10,Operations Support
EMP0142,51,30,10,Data & Analytics
EMP0143,32,11,6,Operations Support
EMP0144,24,0,1,Engineering
EMP0145,39,18,9,Programme Management
EMP0146,42,21,6,Operations Support
EMP0147,24,1,2,Operations Support
EMP0148,41,8,4,Data & Analytics
EMP0149,28,7,4,Data & Analytics
EMP0150,32,7,2,Programme Management
EMP0151,41,20,6,Data & Analytics
EMP0152,47,22,7,Operations Support
EMP0153,40,12,4,Operations Support
EMP0154,30,9,4,Engineering
EMP0155,35,14,6,Operations Support
EMP0156,39,18,8,Programme Management
EMP0157,36,11,4,Commercial
EMP0158,21,0,4,Engineering
EMP0159,58,34,10,Engineering
EMP0160,45,24,10,Programme Management
EMP0161,40,13,3,Programme Management
EMP0162,44,18,5,Data & Analytics
EMP0163,35,7,6,Engineering
EMP0164,50,27,10,Data & Analytics
EMP0165,42,15,8,Operations Support
EMP0166,47,19,7,Engineering
EMP0167,33,4,4,Engineering
EMP0168,61,32,10,Commercial
EMP0169,35,10,4,Engineering
EMP0170,33,11,4,Operations Support
EMP0171,44,21,7,Data & Analytics
EMP0172,32,7,5,Data & Analytics
EMP0173,47,20,8,Commercial
EMP0174,49,18,8,Operations Support
EMP0175,35,14,5,Data & Analytics
EMP0176,23,0,2,Programme Management
EMP0177,44,17,8,Operations Support
EMP0178,25,2,1,Operations Support
EMP0179,35,13,4,Commercial
EMP0180,38,17,6,Data & Analytics
EMP0181,50,22,9,Operations Support
EMP0182,56,21,7,Data & Analytics
EMP0183,47,23,9,Programme Management
EMP0184,35,13,5,Commercial
EMP0185,53,32,10,Programme Management
EMP0186,37,12,4,Commercial
EMP0187,45,20,8,Operations Support
EMP0188,62,41,10,Commercial
EMP0189,54,29,7,Engineering
EMP0190,31,0,1,Data & Analytics
EMP0191,42,21,8,Data & Analytics
EMP0192,39,18,4,Engineering
EMP0193,44,23,6,Programme Management
EMP0194,53,32,10,Engineering
EMP0195,48,27,10,Operations Support
EMP0196,44,19,6,Operations Support
EMP0197,50,23,9,Data & Analytics
EMP0198,37,16,7,Operations Support
EMP0199,52,27,9,Data & Analytics
EMP0200,32,7,4,Engineering
EMP0201,49,22,9,Engineering
EMP0202,55,34,10,Engineering
EMP0203,34,5,1,Data & Analytics
EMP0204,56,35,10,Engineering
EMP0205,44,16,10,Engineering
EMP0206,43,21,9,Programme Management
EMP0207,46,25,8,Engineering
EMP0208,46,25,10,Operations Support
EMP0209,57,32,10,Data & Analytics
EMP0210,40,18,9,Programme Management
EMP0211,25,4,2,Commercial
EMP0212,37,9,2,Data & Analytics
EMP0213,50,28,8,Operations Support
EMP0214,29,5,6,Data & Analytics
EMP0215,39,9,4,Operations Support
EMP0216,39,3,2,Operations Support
EMP0217,39,18,10,Commercial
EMP0218,53,29,9,Data & Analytics
EMP0219,63,41,10,Commercial
EMP0220,41,19,7,Commercial
EMP0221,36,11,5,Data & Analytics
EMP0222,36,10,5,Engineering
EMP0223,39,18,3,Engineering
EMP0224,52,31,8,Commercial
EMP0225,38,14,4,Programme Management
EMP0226,34,6,6,Commercial
EMP0227,51,30,10,Commercial
EMP0228,30,5,4,Commercial
EMP0229,29,8,4,Engineering
EMP0230,38,17,7,Engineering
EMP0231,38,17,5,Engineering
EMP0232,48,27,9,Commercial
EMP0233,45,16,8,Programme Management
EMP0234,40,15,8,Engineering
EMP0235,34,4,1,Data & Analytics
EMP0236,48,19,10,Data & Analytics
EMP0237,21,0,2,Data & Analytics
EMP0238,41,16,7,Operations Support
EMP0239,41,20,8,Commercial
EMP0240,43,19,7,Data & Analytics
EMP0241,45,14,4,Commercial
EMP0242,49,27,9,Data & Analytics
EMP0243,42,21,7,Programme Management
EMP0244,34,12,4,Commercial
EMP0245,46,15,8,Data & Analytics
EMP0246,46,25,10,Engineering
EMP0247,58,37,10,Commercial
EMP0248,29,3,2,Operations Support
EMP0249,47,21,8,Engineering
EMP0250,34,8,2,Engineering
EMP0251,32,3,1,Operations Support
EMP0252,52,25,10,Engineering
EMP0253,46,24,7,Engineering
EMP0254,49,24,9,Data & Analytics
EMP0255,63,40,10,Data & Analytics
EMP0256,34,11,7,Commercial
EMP0257,35,14,7,Commercial
EMP0258,36,15,7,Commercial
EMP0259,48,18,6,Data & Analytics
EMP0260,39,16,7,Commercial
EMP0261,43,14,6,Engineering
EMP0262,48,27,10,Data & Analytics
EMP0263,50,29,10,Commercial
EMP0264,25,4,3,Engineering
EMP0265,44,15,4,Commercial
EMP0266,52,29,10,Programme Management
EMP0267,42,20,9,Commercial
EMP0268,36,14,5,Programme Management
EMP0269,37,13,6,Commercial
EMP0270,37,16,5,Operations Support
EMP0271,40,15,8,Commercial
EMP0272,43,22,6,Data & Analytics
EMP0273,44,23,9,Data & Analytics
EMP0274,52,27,10,Programme Management
EMP0275,63,39,10,Data & Analytics
EMP0276,56,35,10,Engineering
EMP0277,37,13,3,Operations Support
EMP0278,32,4,2,Operations Support
EMP0279,41,20,10,Engineering
EMP0280,32,11,4,Programme Management
EMP0281,41,20,6,Engineering
EMP0282,45,23,9,Engineering
EMP0283,44,23,7,Operations Support
EMP0284,36,10,4,Commercial
EMP0285,35,14,8,Operations Support
EMP0286,36,9,5,Operations Support
EMP0287,36,15,6,Data & Analytics
EMP0288,26,5,6,Engineering
EMP0289,35,11,5,Operations Support
EMP0290,45,24,10,Engineering
EMP0291,40,14,4,Data & Analytics
EMP0292,34,11,7,Engineering
EMP0293,36,15,6,Operations Support
EMP0294,53,32,10,Engineering
EMP0295,37,16,7,Data & Analytics
EMP0296,60,39,10,Commercial
EMP0297,47,26,10,Engineering
EMP0298,47,26,10,Operations Support
EMP0299,55,34,10,Data & Analytics
EMP0300,43,22,7,Operations Support
EMP0301,45,21,8,Operations Support
EMP0302,54,32,10,Engineering
EMP0303,28,7,5,Operations Support
EMP0304,63,39,10,Engineering
EMP0305,44,23,8,Commercial
EMP0306,44,23,9,Operations Support
EMP0307,37,15,8,Operations Support
EMP0308,31,9,3,Operations Support
EMP0309,53,23,8,Programme Management
EMP0310,45,24,9,Programme Management
EMP0311,36,15,4,Data & Analytics
EMP0312,21,0,1,Programme Management
EMP0313,31,10,5,Data & Analytics
EMP0314,36,7,5,Programme Management
EMP0315,48,25,10,Commercial
EMP0316,31,1,1,Data & Analytics
EMP0317,41,20,7,Programme Management
EMP0318,45,16,8,Commercial
EMP0319,41,20,8,Programme Management
EMP0320,46,25,10,Engineering
EMP0321,48,27,10,Engineering
EMP0322,49,26,10,Commercial
EMP0323,35,14,6,Operations Support
EMP0324,27,5,2,Operations Support
EMP0325,50,24,8,Engineering
EMP0326,23,0,1,Engineering
EMP0327,26,5,4,Operations Support
EMP0328,46,19,7,Data & Analytics
EMP0329,41,13,8,Operations Support
EMP0330,50,26,9,Programme Management
EMP0331,44,11,4,Data & Analytics
EMP0332,35,7,3,Programme Management
EMP0333,59,38,10,Engineering
EMP0334,47,26,10,Data & Analytics
EMP0335,42,16,7,Programme Management
EMP0336,45,24,10,Programme Management
EMP0337,52,27,10,Data & Analytics
EMP0338,43,22,7,Commercial
EMP0339,59,37,10,Operations Support
EMP0340,37,13,6,Programme Management
EMP0341,47,22,8,Operations Support
EMP0342,63,42,10,Operations Support
EMP0343,42,20,8,Engineering
EMP0344,31,7,1,Operations Support
EMP0345,45,24,8,Programme Management
EMP0346,57,28,8,Engineering
EMP0347,44,23,10,Data & Analytics
EMP0348,37,16,6,Programme Management
EMP0349,40,19,8,Engineering
EMP0350,26,5,5,Engineering
EMP0351,35,14,6,Operations Support
EMP0352,44,19,6,Data & Analytics
EMP0353,41,20,8,Programme Management
EMP0354,38,17,2,Programme Management
EMP0355,53,22,8,Operations Support
EMP0356,30,1,4,Data & Analytics
EMP0357,37,16,6,Programme Management
EMP0358,46,24,7,Data & Analytics
EMP0359,51,26,7,Programme Management
EMP0360,37,16,8,Operations Support
EMP0361,38,14,5,Commercial
EMP0362,62,41,10,Programme Management
EMP0363,52,31,10,Engineering
EMP0364,40,17,7,Engineering
EMP0365,49,27,10,Commercial
EMP0366,41,19,4,Programme Management
EMP0367,51,30,10,Engineering
EMP0368,21,0,1,Engineering
EMP0369,53,25,10,Programme Management
EMP0370,31,5,6,Data & Analytics
EMP0371,40,19,9,Programme Management
EMP0372,46,24,9,Data & Analytics
EMP0373,63,40,10,Commercial
EMP0374,52,31,10,Operations Support
EMP0375,48,20,10,Commercial
EMP0376,30,9,3,Operations Support
EMP0377,41,20,8,Engineering
EMP0378,46,25,10,Engineering
EMP0379,39,18,9,Engineering
EMP0380,29,8,5,Data & Analytics
EMP0381,39,18,7,Operations Support
EMP0382,43,20,8,Engineering
EMP0383,31,1,4,Programme Management
EMP0384,33,6,1,Operations Support
EMP0385,35,6,6,Operations Support
EMP0386,52,26,10,Data & Analytics
EMP0387,51,27,6,Commercial
EMP0388,63,34,9,Data & Analytics
EMP0389,52,31,10,Engineering
EMP0390,47,26,10,Programme Management
EMP0391,49,28,10,Programme Management
EMP0392,41,15,6,Engineering
EMP0393,25,2,1,Programme Management
EMP0394,30,8,6,Data & Analytics
EMP0395,51,21,6,Data & Analytics
EMP0396,51,24,8,Engineering
EMP0397,47,20,8,Programme Management
EMP0398,28,2,3,Operations Support
EMP0399,26,5,3,Commercial
EMP0400,47,26,10,Operations Support
EMP0401,43,18,7,Data & Analytics
EMP0402,47,25,9,Data & Analytics
EMP0403,34,8,2,Data & Analytics
EMP0404,59,30,9,Data & Analytics
EMP0405,34,13,5,Commercial
EMP0406,54,28,10,Engineering
EMP0407,33,12,3,Data & Analytics
EMP0408,45,24,9,Programme Management
EMP0409,40,17,7,Commercial
EMP0410,40,19,10,Data & Analytics
EMP0411,36,7,3,Programme Management
EMP0412,63,36,10,Data & Analytics
EMP0413,58,33,10,Engineering
EMP0414,58,34,10,Commercial
EMP0415,36,8,3,Engineering
EMP0416,29,7,2,Commercial
EMP0417,44,14,6,Data & Analytics
EMP0418,50,18,7,Data & Analytics
EMP0419,54,25,10,Commercial
EMP0420,46,20,7,Programme Management
EMP0421,47,25,10,Programme Management
EMP0422,32,10,2,Data & Analytics
EMP0423,40,13,4,Data & Analytics
EMP0424,54,33,10,Engineering
EMP0425,31,7,5,Data & Analytics
EMP0426,43,22,9,Commercial
EMP0427,43,19,7,Programme Management
EMP0428,40,19,9,Programme Management
EMP0429,34,5,1,Engineering
EMP0430,47,19,4,Programme Management
EMP0431,45,24,9,Programme Management
EMP0432,50,28,10,Operations Support
EMP0433,51,27,10,Commercial
EMP0434,45,19,9,Operations Support
EMP0435,40,14,7,Programme Management
EMP0436,33,11,5,Engineering
EMP0437,52,31,10,Engineering
EMP0438,50,29,10,Programme Management
EMP0439,42,13,4,Data & Analytics
EMP0440,38,12,5,Operations Support
EMP0441,42,21,8,Programme Management
EMP0442,46,24,6,Engineering
EMP0443,32,9,2,Engineering
EMP0444,47,26,10,Operations Support
EMP0445,39,18,7,Commercial
EMP0446,38,12,5,Programme Management
EMP0447,38,16,7,Programme Management
EMP0448,42,21,10,Commercial
EMP0449,51,21,4,Operations Support
EMP0450,51,22,8,Operations Support
EMP0451,30,0,2,Engineering
EMP0452,49,24,5,Commercial
EMP0453,36,15,4,Operations Support
EMP0454,43,20,8,Data & Analytics
EMP0455,43,16,8,Programme Management
EMP0456,40,17,5,Engineering
EMP0457,37,10,4,Commercial
EMP0458,59,30,8,Engineering
EMP0459,56,32,10,Operations Support
EMP0460,52,26,10,Operations Support
EMP0461,48,23,10,Data & Analytics
EMP0462,35,14,6,Programme Management
EMP0463,55,34,10,Commercial
EMP0464,34,13,4,Engineering
EMP0465,62,40,10,Programme Management
EMP0466,43,14,4,Operations Support
EMP0467,54,28,8,Programme Management
EMP0468,47,26,10,Engineering
EMP0469,51,25,7,Programme Management
EMP0470,57,33,10,Operations Support
EMP0471,55,34,10,Programme Management
EMP0472,63,37,10,Commercial
EMP0473,42,21,10,Programme Management
EMP0474,47,26,10,Commercial
EMP0475,38,11,3,Programme Management
EMP0476,22,1,1,Operations Support
EMP0477,39,15,6,Data & Analytics
EMP0478,50,29,9,Data & Analytics
EMP0479,40,19,7,Commercial
EMP0480,58,37,10,Commercial
EMP0481,48,27,10,Data & Analytics
EMP0482,29,8,3,Operations Support
EMP0483,36,15,8,Operations Support
EMP0484,42,21,10,Programme Management
EMP0485,44,23,9,Commercial
EMP0486,24,3,3,Operations Support
EMP0487,54,33,10,Engineering
EMP0488,29,5,2,Programme Management
EMP0489,36,15,9,Programme Management
EMP0490,45,17,7,Data & Analytics
EMP0491,53,27,9,Commercial
EMP0492,42,16,7,Operations Support
EMP0493,40,19,6,Operations Support
EMP0494,37,16,6,Programme Management
EMP0495,59,35,10,Commercial
EMP0496,51,21,5,Commercial
EMP0497,26,5,2,Commercial
EMP0498,63,38,10,Data & Analytics
EMP0499,57,36,10,Operations Support
EMP0500,54,33,10,Commercial
EMP0501,49,24,7,Data & Analytics
EMP0502,41,18,6,Engineering
EMP0503,48,27,10,Programme Management
EMP0504,56,28,10,Operations Support
EMP0505,34,2,2,Operations Support
EMP0506,40,19,8,Programme Management
EMP0507,31,10,6,Engineering
EMP0508,47,23,7,Data & Analytics
EMP0509,38,17,9,Programme Management
EMP0510,57,32,9,Data & Analytics
EMP0511,43,12,6,Data & Analytics
EMP0512,40,15,4,Data & Analytics
EMP0513,47,22,6,Engineering
EMP0514,21,0,4,Engineering
EMP0515,58,33,10,Data & Analytics
EMP0516,46,19,8,Commercial
EMP0517,49,28,10,Operations Support
EMP0518,39,12,4,Engineering
EMP0519,39,18,8,Commercial
EMP0520,33,12,5,Commercial
EMP0521,41,15,2,Operations Support
EMP0522,50,29,10,Data & Analytics
EMP0523,42,21,5,Commercial
EMP0524,36,15,4,Commercial
EMP0525,44,15,7,Commercial
EMP0526,41,10,6,Data & Analytics
EMP0527,34,7,4,Data & Analytics
EMP0528,53,25,9,Engineering
EMP0529,46,25,9,Engineering
EMP0530,38,11,5,Commercial
EMP0531,31,0,2,Data & Analytics
EMP0532,51,17,5,Data & Analytics
EMP0533,48,27,10,Operations Support
EMP0534,34,11,7,Commercial
EMP0535,35,9,3,Engineering
EMP0536,32,10,7,Operations Support
EMP0537,45,21,7,Data & Analytics
EMP0538,26,5,3,Engineering
EMP0539,40,19,8,Commercial
EMP0540,34,9,6,Data & Analytics
EMP0541,43,13,7,Commercial
EMP0542,35,14,7,Operations Support
EMP0543,37,16,6,Operations Support
EMP0544,50,29,9,Operations Support
EMP0545,35,14,5,Programme Management
EMP0546,37,10,5,Commercial
EMP0547,62,34,10,Operations Support
EMP0548,56,33,10,Operations Support
EMP0549,31,10,4,Commercial
EMP0550,51,30,10,Operations Support
EMP0551,47,26,10,Commercial
EMP0552,38,17,6,Data & Analytics
EMP0553,43,22,7,Commercial
EMP0554,53,32,10,Commercial
EMP0555,21,0,3,Programme Management
EMP0556,41,14,5,Data & Analytics
EMP0557,50,29,10,Programme Management
EMP0558,38,14,4,Operations Support
EMP0559,58,34,10,Commercial
EMP0560,57,36,10,Data & Analytics
EMP0561,46,23,7,Programme Management
EMP0562,45,17,8,Commercial
EMP0563,37,16,7,Engineering
EMP0564,39,18,6,Programme Management
EMP0565,50,21,8,Data & Analytics
EMP0566,61,33,10,Programme Management
EMP0567,47,25,10,Programme Management
EMP0568,46,25,10,Programme Management
EMP0569,46,22,9,Operations Support
EMP0570,60,37,10,Engineering
EMP0571,53,30,7,Data & Analytics
EMP0572,50,25,9,Data & Analytics
EMP0573,45,23,9,Data & Analytics
EMP0574,37,16,6,Commercial
EMP0575,49,28,8,Data & Analytics
EMP0576,52,27,10,Data & Analytics
EMP0577,45,24,8,Engineering
EMP0578,38,15,6,Commercial
EMP0579,49,18,5,Commercial
EMP0580,31,10,7,Programme Management
EMP0581,40,17,7,Operations Support
EMP0582,53,26,10,Commercial
EMP0583,51,30,10,Commercial
EMP0584,52,16,7,Engineering
EMP0585,35,3,3,Data & Analytics
EMP0586,55,32,10,Commercial
EMP0587,58,37,10,Commercial
EMP0588,49,27,7,Operations Support
EMP0589,39,12,8,Engineering
EMP0590,40,18,8,Operations Support
EMP0591,42,21,7,Commercial
EMP0592,43,17,5,Commercial
EMP0593,35,12,4,Engineering
EMP0594,35,5,3,Programme Management
EMP0595,26,5,3,Programme Management
EMP0596,27,3,1,Commercial
EMP0597,45,24,6,Commercial
EMP0598,43,20,9,Operations Support
EMP0599,44,18,6,Operations Support
EMP0600,34,13,5,Operations Support
EMP0601,61,38,10,Data & Analytics
EMP0602,26,0,1,Commercial
EMP0603,44,23,6,Data & Analytics
EMP0604,50,25,9,Programme Management
EMP0605,58,37,10,Commercial
EMP0606,33,0,1,Commercial
EMP0607,39,12,5,Engineering
EMP0608,42,18,6,Commercial
EMP0609,43,22,6,Programme Management
EMP0610,56,33,10,Commercial
EMP0611,49,28,10,Data & Analytics
EMP0612,44,18,7,Commercial
EMP0613,30,8,4,Data & Analytics
EMP0614,39,16,3,Operations Support
EMP0615,36,14,6,Operations Support
EMP0616,31,10,3,Engineering
EMP0617,51,30,10,Commercial
EMP0618,59,31,10,Operations Support
EMP0619,52,26,10,Operations Support
EMP0620,39,18,7,Engineering
EMP0621,40,19,8,Engineering
EMP0622,24,3,1,Commercial
EMP0623,52,31,9,Data & Analytics
EMP0624,37,9,4,Commercial
EMP0625,38,17,9,Data & Analytics
EMP0626,55,30,10,Engineering
EMP0627,25,0,3,Programme Management
EMP0628,58,29,9,Commercial
EMP0629,41,20,6,Programme Management
EMP0630,46,21,8,Data & Analytics
EMP0631,47,25,8,Commercial
EMP0632,40,17,6,Programme Management
EMP0633,39,18,8,Programme Management
EMP0634,39,18,6,Commercial
EMP0635,53,32,10,Programme Management
EMP0636,46,16,5,Commercial
EMP0637,30,8,6,Programme Management
EMP0638,63,42,10,Engineering
EMP0639,23,0,1,Commercial
EMP0640,35,12,4,Engineering
EMP0641,22,1,1,Operations Support
EMP0642,44,23,7,Engineering
EMP0643,21,0,3,Programme Management
EMP0644,61,32,10,Data & Analytics
EMP0645,37,14,10,Engineering
EMP0646,26,5,4,Engineering
EMP0647,52,30,10,Engineering
EMP0648,38,17,6,Data & Analytics
EMP0649,48,24,9,Data & Analytics
EMP0650,41,20,7,Engineering
EMP0651,24,3,1,Operations Support
EMP0652,35,10,7,Data & Analytics
EMP0653,21,0,3,Data & Analytics
EMP0654,44,21,8,Data & Analytics
EMP0655,47,26,10,Commercial
EMP0656,42,19,7,Engineering
EMP0657,40,19,8,Operations Support
EMP0658,21,0,2,Data & Analytics
EMP0659,41,17,8,Commercial
EMP0660,51,25,10,Programme Management
EMP0661,32,3,1,Programme Management
EMP0662,50,29,10,Data & Analytics
EMP0663,49,28,9,Operations Support
EMP0664,46,25,10,Operations Support
EMP0665,53,32,10,Engineering
EMP0666,52,29,9,Data & Analytics
EMP0667,40,14,5,Programme Management
EMP0668,40,14,5,Engineering
EMP0669,23,2,2,Operations Support
EMP0670,33,12,7,Engineering
EMP0671,25,0,1,Programme Management
EMP0672,32,11,5,Operations Support
EMP0673,39,6,4,Commercial
EMP0674,29,7,4,Commercial
EMP0675,55,26,5,Data & Analytics
EMP0676,43,22,10,Engineering
EMP0677,44,19,8,Operations Support
EMP0678,32,11,6,Data & Analytics
EMP0679,52,31,10,Engineering
EMP0680,36,13,3,Programme Management
EMP0681,35,10,4,Operations Support
EMP0682,43,16,8,Engineering
EMP0683,42,19,7,Operations Support
EMP0684,43,22,7,Engineering
EMP0685,35,11,3,Programme Management
EMP0686,33,8,5,Operations Support
EMP0687,44,22,9,Commercial
EMP0688,40,19,7,Programme Management
EMP0689,44,19,4,Engineering
EMP0690,40,19,9,Operations Support
EMP0691,51,30,10,Programme Management
EMP0692,43,17,6,Engineering
EMP0693,48,27,9,Commercial
EMP0694,37,15,7,Commercial
EMP0695,27,0,1,Engineering
EMP0696,29,4,2,Commercial
EMP0697,37,16,7,Programme Management
EMP0698,45,24,7,Commercial
EMP0699,52,29,10,Data & Analytics
EMP0700,31,1,3,Commercial
EMP0701,45,18,6,Data & Analytics
EMP0702,53,25,10,Operations Support
EMP0703,32,11,4,Programme Management
EMP0704,48,23,8,Operations Support
EMP0705,42,14,7,Operations Support
EMP0706,36,12,4,Commercial
EMP0707,21,0,5,Commercial
EMP0708,49,26,9,Commercial
EMP0709,42,21,6,Operations Support
EMP0710,53,32,10,Programme Management
EMP0711,46,24,10,Programme Management
EMP0712,47,23,8,Data & Analytics
EMP0713,43,22,6,Engineering
EMP0714,27,5,3,Programme Management
EMP0715,43,22,8,Commercial
EMP0716,56,25,8,Data & Analytics
EMP0717,40,9,4,Commercial
EMP0718,58,36,10,Operations Support
EMP0719,29,3,2,Operations Support
EMP0720,38,17,7,Commercial
EMP0721,30,9,5,Programme Management
EMP0722,53,32,10,Engineering
EMP0723,33,4,2,Commercial
EMP0724,46,25,9,Programme Management
EMP0725,38,16,5,Data & Analytics
EMP0726,62,31,10,Commercial
EMP0727,62,40,10,Data & Analytics
EMP0728,38,15,8,Programme Management
EMP0729,21,0,1,Programme Management
EMP0730,39,14,7,Programme Management
EMP0731,26,5,6,Programme Management
EMP0732,28,6,2,Operations Support
EMP0733,46,24,8,Programme Management
EMP0734,46,25,9,Operations Support
EMP0735,49,20,6,Engineering
EMP0736,46,25,10,Operations Support
EMP0737,38,15,4,Data & Analytics
EMP0738,48,27,9,Engineering
EMP0739,37,16,6,Data & Analytics
EMP0740,41,20,7,Commercial
EMP0741,38,12,6,Commercial
EMP0742,40,14,8,Operations Support
EMP0743,56,30,8,Data & Analytics
EMP0744,52,26,10,Commercial
EMP0745,22,1,1,Commercial
EMP0746,49,27,8,Commercial
EMP0747,37,16,6,Engineering
EMP0748,47,26,7,Engineering
EMP0749,58,36,10,Programme Management
EMP0750,28,5,4,Data & Analytics
EMP0751,40,19,5,Commercial
EMP0752,41,12,6,Data & Analytics
EMP0753,50,25,5,Programme Management
EMP0754,43,22,9,Operations Support
EMP0755,54,26,10,Programme Management
EMP0756,53,22,9,Commercial
EMP0757,36,13,6,Operations Support
EMP0758,37,11,5,Operations Support
EMP0759,31,3,3,Programme Management
EMP0760,30,9,5,Commercial
EMP0761,24,0,3,Operations Support
EMP0762,32,7,4,Programme Management
EMP0763,49,25,8,Programme Management
EMP0764,56,35,10,Commercial
EMP0765,42,15,5,Programme Management
EMP0766,47,26,10,Programme Management
EMP0767,48,18,8,Programme Management
EMP0768,32,8,4,Data & Analytics
EMP0769,61,40,10,Engineering
EMP0770,40,19,9,Data & Analytics
EMP0771,38,17,7,Programme Management
EMP0772,46,25,10,Engineering
EMP0773,50,24,8,Operations Support
EMP0774,30,9,5,Data & Analytics
EMP0775,46,25,9,Data & Analytics
EMP0776,48,20,7,Data & Analytics
EMP0777,48,27,9,Commercial
EMP0778,41,11,4,Programme Management
EMP0779,50,29,10,Operations Support
EMP0780,42,20,7,Operations Support
EMP0781,48,27,10,Operations Support
EMP0782,36,3,4,Programme Management
EMP0783,37,10,6,Engineering
EMP0784,38,17,8,Data & Analytics
EMP0785,48,19,9,Programme Management
EMP0786,44,20,8,Data & Analytics
EMP0787,24,3,1,Programme Management
EMP0788,28,0,3,Data & Analytics
EMP0789,35,14,5,Programme Management
EMP0790,24,0,3,Engineering
EMP0791,40,15,6,Operations Support
EMP0792,47,26,10,Data & Analytics
EMP0793,38,9,4,Programme Management
EMP0794,44,17,5,Engineering
EMP0795,45,22,8,Engineering
EMP0796,34,10,3,Operations Support
EMP0797,50,29,7,Programme Management
EMP0798,32,2,1,Data & Analytics
EMP0799,41,11,3,Commercial
EMP0800,31,10,5,Engineering
EMP0801,34,12,4,Engineering
EMP0802,39,18,9,Operations Support
EMP0803,29,8,5,Programme Management
EMP0804,30,9,7,Commercial
EMP0805,30,3,4,Commercial
EMP0806,44,23,9,Commercial
EMP0807,45,16,8,Programme Management
EMP0808,53,29,10,Data & Analytics
EMP0809,26,5,4,Engineering
EMP0810,41,20,7,Programme Management
EMP0811,47,19,7,Commercial
EMP0812,40,19,7,Engineering
EMP0813,40,19,7,Engineering
EMP0814,25,4,5,Commercial
EMP0815,29,8,3,Commercial
EMP0816,44,23,8,Engineering
EMP0817,34,8,3,Operations Support
EMP0818,33,10,3,Engineering
EMP0819,48,27,9,Data & Analytics
EMP0820,44,23,9,Data & Analytics
EMP0821,42,21,9,Operations Support
EMP0822,29,8,5,Programme Management
EMP0823,34,12,6,Engineering
EMP0824,39,18,10,Data & Analytics
EMP0825,34,5,3,Engineering
EMP0826,49,25,10,Operations Support
EMP0827,28,7,3,Commercial
EMP0828,59,38,10,Operations Support
EMP0829,36,15,5,Operations Support
EMP0830,41,19,4,Operations Support
EMP0831,41,15,5,Data & Analytics
EMP0832,56,27,10,Operations Support
EMP0833,39,15,7,Commercial
EMP0834,45,24,10,Commercial
EMP0835,38,12,3,Commercial
EMP0836,33,12,7,Programme Management
EMP0837,28,0,2,Operations Support
EMP0838,47,26,9,Commercial
EMP0839,40,19,7,Programme Management
EMP0840,21,0,1,Operations Support
EMP0841,43,22,9,Operations Support
EMP0842,38,17,7,Engineering
EMP0843,46,25,10,Operations Support
EMP0844,30,9,3,Engineering
EMP0845,47,20,7,Data & Analytics
EMP0846,39,18,8,Data & Analytics
EMP0847,29,7,3,Programme Management
EMP0848,29,5,3,Engineering
EMP0849,63,42,10,Data & Analytics
EMP0850,36,15,9,Data & Analytics
EMP0851,26,0,4,Data & Analytics
EMP0852,45,18,8,Operations Support
EMP0853,21,0,2,Engineering
EMP0854,51,23,9,Data & Analytics
EMP0855,32,11,3,Engineering
EMP0856,37,10,5,Commercial
EMP0857,50,26,9,Commercial
EMP0858,27,3,2,Operations Support
EMP0859,63,35,10,Commercial
EMP0860,51,30,10,Programme Management
EMP0861,45,24,9,Engineering
EMP0862,54,33,10,Data & Analytics
EMP0863,28,4,1,Programme Management
EMP0864,41,20,7,Programme Management
EMP0865,41,19,8,Commercial
EMP0866,21,0,2,Engineering
EMP0867,54,29,7,Data & Analytics
EMP0868,48,22,6,Programme Management
EMP0869,35,12,4,Operations Support
EMP0870,21,0,3,Data & Analytics
EMP0871,48,20,7,Commercial
EMP0872,41,20,9,Engineering
EMP0873,34,12,6,Operations Support
EMP0874,56,35,10,Data & Analytics
EMP0875,42,21,8,Data & Analytics
EMP0876,33,12,6,Programme Management
EMP0877,37,12,6,Data & Analytics
EMP0878,46,24,9,Engineering
EMP0879,58,37,10,Engineering
EMP0880,51,23,9,Data & Analytics
EMP0881,60,36,10,Programme Management
EMP0882,35,7,2,Operations Support
EMP0883,38,8,4,Operations Support
EMP0884,51,24,10,Programme Management
EMP0885,47,26,8,Commercial
EMP0886,50,22,9,Engineering
EMP0887,43,22,6,Commercial
EMP0888,33,12,4,Programme Management
EMP0889,46,17,8,Commercial
EMP0890,29,8,5,Programme Management
EMP0891,35,14,6,Operations Support
EMP0892,36,8,1,Operations Support
EMP0893,45,15,6,Commercial
EMP0894,39,18,6,Commercial
EMP0895,38,17,7,Engineering
EMP0896,45,24,6,Operations Support
EMP0897,49,28,8,Engineering
EMP0898,39,16,6,Commercial
EMP0899,45,24,10,Programme Management
EMP0900,28,7,6,Operations Support
EMP0901,45,24,10,Programme Management
EMP0902,52,31,10,Engineering
EMP0903,43,21,7,Engineering
EMP0904,57,30,10,Data & Analytics
EMP0905,46,17,7,Operations Support
EMP0906,21,0,3,Operations Support
EMP0907,36,14,9,Engineering
EMP0908,36,8,6,Programme Management
EMP0909,61,39,10,Operations Support
EMP0910,55,29,9,Engineering
EMP0911,54,33,10,Data & Analytics
EMP0912,33,12,4,Commercial
EMP0913,38,17,9,Operations Support
EMP0914,50,29,10,Commercial
EMP0915,42,21,4,Programme Management
EMP0916,39,18,5,Data & Analytics
EMP0917,45,21,10,Operations Support
EMP0918,57,32,10,Commercial
EMP0919,41,16,7,Commercial
EMP0920,34,6,4,Engineering
EMP0921,48,21,9,Commercial
EMP0922,35,14,7,Programme Management
EMP0923,41,20,7,Commercial
EMP0924,40,16,5,Programme Management
EMP0925,40,10,4,Programme Management
EMP0926,39,15,6,Engineering
EMP0927,41,20,9,Data & Analytics
EMP0928,35,6,2,Programme Management
EMP0929,37,13,4,Commercial
EMP0930,29,4,3,Commercial
EMP0931,47,22,7,Programme Management
EMP0932,32,9,3,Commercial
EMP0933,47,16,6,Operations Support
EMP0934,45,23,10,Engineering
EMP0935,45,17,6,Commercial
EMP0936,24,1,1,Engineering
EMP0937,51,26,9,Programme Management
EMP0938,35,14,5,Programme Management
EMP0939,60,39,10,Programme Management
EMP0940,45,24,6,Engineering
EMP0941,39,18,7,Commercial
EMP0942,27,4,5,Operations Support
EMP0943,54,31,10,Engineering
EMP0944,38,7,2,Operations Support
EMP0945,57,33,10,Commercial
EMP0946,39,18,9,Commercial
EMP0947,63,40,10,Engineering
EMP0948,26,5,1,Data & Analytics
EMP0949,44,16,5,Operations Support
EMP0950,33,7,3,Programme Management
EMP0951,36,15,4,Operations Support
EMP0952,44,23,8,Commercial
EMP0953,34,10,6,Commercial
EMP0954,43,18,8,Engineering
EMP0955,30,9,5,Data & Analytics
EMP0956,38,11,3,Programme Management
EMP0957,47,26,8,Operations Support
EMP0958,46,13,5,Data & Analytics
EMP0959,41,14,4,Programme Management
EMP0960,35,14,5,Commercial
EMP0961,21,0,1,Commercial
EMP0962,46,10,4,Engineering
EMP0963,36,15,5,Engineering
EMP0964,45,23,5,Operations Support
EMP0965,49,28,10,Data & Analytics
EMP0966,63,30,10,Data & Analytics
EMP0967,39,18,7,Programme Management
EMP0968,37,12,6,Operations Support
EMP0969,26,5,2,Engineering
EMP0970,30,5,5,Operations Support
EMP0971,36,15,5,Commercial
EMP0972,49,28,10,Engineering
EMP0973,40,19,7,Data & Analytics
EMP0974,54,28,10,Engineering
EMP0975,40,17,7,Commercial
EMP0976,44,21,8,Engineering
EMP0977,57,36,10,Data & Analytics
EMP0978,37,10,6,Commercial
EMP0979,50,29,9,Programme Management
EMP0980,39,8,3,Operations Support
EMP0981,51,26,10,Programme Management
EMP0982,40,19,5,Commercial
EMP0983,42,5,3,Commercial
EMP0984,25,4,4,Commercial
EMP0985,46,25,8,Data & Analytics
EMP0986,59,38,10,Commercial
EMP0987,53,25,8,Operations Support
EMP0988,35,10,3,Data & Analytics
EMP0989,54,30,10,Commercial
EMP0990,36,4,3,Data & Analytics
EMP0991,22,0,1,Operations Support
EMP0992,61,40,10,Operations Support
EMP0993,54,27,10,Data & Analytics
EMP0994,43,22,10,Engineering
EMP0995,49,28,7,Programme Management
EMP0996,32,9,4,Commercial
EMP0997,30,9,6,Programme Management
EMP0998,48,26,9,Operations Support
EMP0999,32,10,5,Programme Management
EMP1000,29,8,4,Engineering
EMP1001,22,0,1,Programme Management
EMP1002,60,39,10,Programme Management
EMP1003,46,16,8,Operations Support
EMP1004,37,14,8,Operations Support
EMP1005,29,0,1,Commercial
EMP1006,52,22,4,Data & Analytics
EMP1007,37,16,8,Commercial
EMP1008,37,12,7,Operations Support
EMP1009,23,0,2,Commercial
EMP1010,46,21,8,Programme Management
EMP1011,21,0,2,Programme Management
EMP1012,32,10,5,Operations Support
EMP1013,38,16,5,Operations Support
EMP1014,39,18,7,Commercial
EMP1015,36,15,7,Commercial
EMP1016,21,0,1,Programme Management
EMP1017,46,25,7,Data & Analytics
EMP1018,34,10,3,Data & Analytics
EMP1019,59,32,10,Operations Support
EMP1020,44,15,5,Commercial
EMP1021,45,21,8,Data & Analytics
EMP1022,36,6,4,Commercial
EMP1023,59,37,10,Engineering
EMP1024,48,19,10,Programme Management
EMP1025,44,23,7,Commercial
EMP1026,60,39,10,Commercial
EMP1027,44,20,9,Commercial
EMP1028,43,11,3,Data & Analytics
EMP1029,40,19,7,Commercial
EMP1030,54,22,8,Engineering
EMP1031,23,2,2,Data & Analytics
EMP1032,46,19,9,Operations Support
EMP1033,52,31,10,Operations Support
EMP1034,47,21,9,Programme Management
EMP1035,58,37,10,Engineering
EMP1036,45,16,7,Commercial
EMP1037,46,14,4,Engineering
EMP1038,39,15,4,Operations Support
EMP1039,45,24,8,Commercial
EMP1040,34,13,8,Engineering
EMP1041,37,11,6,Data & Analytics
EMP1042,38,15,7,Commercial
EMP1043,22,1,2,Data & Analytics
EMP1044,37,14,6,Engineering
EMP1045,24,3,2,Commercial
EMP1046,46,25,7,Programme Management
EMP1047,46,22,9,Programme Management
EMP1048,21,0,1,Operations Support
EMP1049,46,25,8,Commercial
EMP1050,34,11,3,Engineering
EMP1051,50,26,5,Programme Management
EMP1052,38,10,2,Operations Support
EMP1053,29,7,6,Commercial
EMP1054,45,19,8,Programme Management
EMP1055,37,11,3,Commercial
EMP1056,24,0,2,Operations Support
EMP1057,41,16,5,Engineering
EMP1058,48,19,8,Operations Support
EMP1059,31,5,1,Engineering
EMP1060,36,15,7,Data & Analytics
EMP1061,51,30,9,Programme Management
EMP1062,38,12,7,Data & Analytics
EMP1063,30,9,6,Engineering
EMP1064,60,35,10,Commercial
EMP1065,63,37,10,Engineering
EMP1066,23,2,1,Engineering
EMP1067,38,17,7,Commercial
EMP1068,46,25,10,Data & Analytics
EMP1069,32,6,2,Programme Management
EMP1070,50,29,10,Engineering
EMP1071,53,25,10,Engineering
EMP1072,57,36,10,Programme Management
EMP1073,25,0,1,Engineering
EMP1074,49,21,9,Programme Management
EMP1075,55,34,10,Programme Management
EMP1076,32,5,5,Programme Management
EMP1077,49,26,9,Commercial
EMP1078,21,0,4,Data & Analytics
EMP1079,29,7,5,Data & Analytics
EMP1080,29,7,5,Operations Support
EMP1081,42,21,5,Commercial
EMP1082,52,29,10,Operations Support
EMP1083,46,20,8,Data & Analytics
EMP1084,23,2,3,Data & Analytics
EMP1085,48,27,10,Data & Analytics
EMP1086,43,16,5,Engineering
EMP1087,53,32,10,Operations Support
EMP1088,42,15,8,Commercial
EMP1089,48,27,8,Operations Support
EMP1090,38,17,8,Data & Analytics
EMP1091,39,12,6,Commercial
EMP1092,49,22,10,Operations Support
EMP1093,53,31,10,Data & Analytics
EMP1094,47,20,8,Data & Analytics
EMP1095,21,0,1,Commercial
EMP1096,57,33,10,Programme Management
EMP1097,35,11,7,Commercial
EMP1098,21,0,2,Programme Management
EMP1099,29,1,4,Engineering
EMP1100,32,4,4,Commercial
